runtime	encryption	role	ingress	egress	promotion	cookie	batch	recv_rounds	would_block_policy	sock_buf_requested_bytes	sock_rcvbuf_effective_min_bytes	sock_rcvbuf_effective_max_bytes	sock_sndbuf_effective_min_bytes	sock_sndbuf_effective_max_bytes	cpus	pin	link_delay	link_jitter	link_loss	link_rate	link_reorder	link_duplicate	link_corrupt	link_limit	workers	recv_runtime	send_runtime	recv_ingress	send_ingress	recv_workers	send_workers	recv_cpus	send_cpus	conns	logical_streams	source_streams	connect_cc	cc_peak	bond	source_bps	srt_bw_mode	srt_maxbw_bps	srt_inputbw_bps	srt_oheadbw_pct	model_policy_rev	model_policy_fingerprint	model_class_pre	model_reasons_pre	rep	attempt	established	torn_down	pkt_sent	core_total	sec_a	sec_b	rtt_ms	elapsed_s	cpu_user_ms	cpu_sys_ms	peak_rss_kb	secs	udp_rcvbuf_err	udp_in_err	udp_no_ports	src_generated	src_accepted	src_refusal_polls	src_blocked_streaks	source_backlog_ms	src_backlog_cap	src_backlog_hwm	src_overflow	datapath_q_horizon_ms	datapath_q_count	datapath_q_cap_per_queue	datapath_q_total_cap	datapath_q_peak_depth_max	datapath_q_peak_depth_sum	datapath_q_full	datapath_q_dropped	datapath_q_disconnected	recv_packets	recv_syscalls	datagrams_per_syscall	timer_late_p50_bucket_us	timer_late_p95_bucket_us	timer_late_p99_bucket_us	timer_late_max_us	retry_horizon_ms	retry_count	retry_cap_per_queue	retry_total_cap	retry_peak_depth_max	would_block	retry_overflow	local_dropped
mio	plain	caller	shared-pool:4	per-connection	all	on	on	8	retain	16777216	33554432	33554432	33554432	33554432	3-5	off									3					3	3	0-2	3-5	1	1	1	50	1	none	8000000	input-relative:25		8000000	25	stage-a-v1-no-unvalidated-margin	revision=stage-a-v1-no-unvalidated-margin;window=0.00000000000000000;recovery=0.00000000000000000;socket=0.00000000000000000;host=1.00000000000000000;nic=1.00000000000000000;control=none;waves=none	conditional	expected_rtt_unknown,rtt_variance_unknown,effective_socket_buffer_unknown,host_pps_capacity_unknown	1	2a0d28d2d3d0da78585aeff901a36a85-0	1	0	11398	11398	0	0	0.000	15.001	228.8	897.8	5264	15	0	0	0	11398	11398	1435	1255	1000	759	13	0	250	0	0	0	0	0	0	0	0	0	0	0	0	0	0	0	250	0	0	0	0	0	0	0
mio	plain	listener	shared-pool:4	per-connection	all	on	on	8	retain	16777216	33554432	33554432	33554432	33554432	0-2	off									3					3	3	0-2	3-5	1	1	0	50	0	none	8000000	input-relative:25		8000000	25	stage-a-v1-no-unvalidated-margin	revision=stage-a-v1-no-unvalidated-margin;window=0.00000000000000000;recovery=0.00000000000000000;socket=0.00000000000000000;host=1.00000000000000000;nic=1.00000000000000000;control=none;waves=none	conditional	expected_rtt_unknown,rtt_variance_unknown,effective_socket_buffer_unknown,host_pps_capacity_unknown,nic_capacity_unknown	1	2a0d28d2d3d0da78585aeff901a36a85-0	1	0	11398	11398	0	0	0.198	15.004	289.6	601.2	5380	15	0	0	0	0	0	0	0	1000	759	0	0	250	0	0	0	0	0	0	0	0	0	0	0	0	0	0	0	250	0	0	0	0	0	0	0
tokio	plain	caller	shared-pool:4	per-connection	all	on	on	8	retain	16777216	33554432	33554432	33554432	33554432	3-5	off									3					3	3	0-2	3-5	1	1	1	50	1	none	8000000	input-relative:25		8000000	25	stage-a-v1-no-unvalidated-margin	revision=stage-a-v1-no-unvalidated-margin;window=0.00000000000000000;recovery=0.00000000000000000;socket=0.00000000000000000;host=1.00000000000000000;nic=1.00000000000000000;control=none;waves=none	conditional	expected_rtt_unknown,rtt_variance_unknown,effective_socket_buffer_unknown,host_pps_capacity_unknown	1	2a0d28d2d3d0da78585aeff901a36a85-1	1	0	9902	9902	0	0	0.000	15.002	347.3	862.3	5464	15	0	0	1	11398	9902	12146	9897	1000	759	759	738	250	0	0	0	0	0	0	0	0	0	0	0	0	0	0	0	250	0	0	0	0	0	0	0
tokio	plain	listener	shared-pool:4	per-connection	all	on	on	8	retain	16777216	33554432	33554432	33554432	33554432	0-2	off									3					3	3	0-2	3-5	1	1	0	50	0	none	8000000	input-relative:25		8000000	25	stage-a-v1-no-unvalidated-margin	revision=stage-a-v1-no-unvalidated-margin;window=0.00000000000000000;recovery=0.00000000000000000;socket=0.00000000000000000;host=1.00000000000000000;nic=1.00000000000000000;control=none;waves=none	conditional	expected_rtt_unknown,rtt_variance_unknown,effective_socket_buffer_unknown,host_pps_capacity_unknown,nic_capacity_unknown	1	2a0d28d2d3d0da78585aeff901a36a85-1	1	0	9902	9902	0	0	0.161	15.005	359.5	556.3	5396	15	0	0	1	0	0	0	0	1000	759	0	0	250	0	0	0	0	0	0	0	0	0	0	0	0	0	0	0	250	0	0	0	0	0	0	0
mio	plain	caller	shared-pool:4	per-connection	all	on	on	8	retain	16777216	33554432	33554432	33554432	33554432	3-5	off									3					3	3	0-2	3-5	1	1	1	50	1	none	8000000	input-relative:50		8000000	50	stage-a-v1-no-unvalidated-margin	revision=stage-a-v1-no-unvalidated-margin;window=0.00000000000000000;recovery=0.00000000000000000;socket=0.00000000000000000;host=1.00000000000000000;nic=1.00000000000000000;control=none;waves=none	conditional	expected_rtt_unknown,rtt_variance_unknown,effective_socket_buffer_unknown,host_pps_capacity_unknown	1	2a0d28d2d3d0da78585aeff901a36a85-2	1	0	11398	11398	0	0	0.000	15.001	208.6	857.3	5188	15	0	0	0	11398	11398	445	394	1000	759	6	0	250	0	0	0	0	0	0	0	0	0	0	0	0	0	0	0	250	0	0	0	0	0	0	0
mio	plain	listener	shared-pool:4	per-connection	all	on	on	8	retain	16777216	33554432	33554432	33554432	33554432	0-2	off									3					3	3	0-2	3-5	1	1	0	50	0	none	8000000	input-relative:50		8000000	50	stage-a-v1-no-unvalidated-margin	revision=stage-a-v1-no-unvalidated-margin;window=0.00000000000000000;recovery=0.00000000000000000;socket=0.00000000000000000;host=1.00000000000000000;nic=1.00000000000000000;control=none;waves=none	conditional	expected_rtt_unknown,rtt_variance_unknown,effective_socket_buffer_unknown,host_pps_capacity_unknown,nic_capacity_unknown	1	2a0d28d2d3d0da78585aeff901a36a85-2	1	0	11398	11398	0	0	0.122	15.005	287.9	548.8	5412	15	0	0	0	0	0	0	0	1000	759	0	0	250	0	0	0	0	0	0	0	0	0	0	0	0	0	0	0	250	0	0	0	0	0	0	0
tokio	plain	caller	shared-pool:4	per-connection	all	on	on	8	retain	16777216	33554432	33554432	33554432	33554432	3-5	off									3					3	3	0-2	3-5	1	1	1	50	1	none	8000000	input-relative:50		8000000	50	stage-a-v1-no-unvalidated-margin	revision=stage-a-v1-no-unvalidated-margin;window=0.00000000000000000;recovery=0.00000000000000000;socket=0.00000000000000000;host=1.00000000000000000;nic=1.00000000000000000;control=none;waves=none	conditional	expected_rtt_unknown,rtt_variance_unknown,effective_socket_buffer_unknown,host_pps_capacity_unknown	1	2a0d28d2d3d0da78585aeff901a36a85-3	1	0	9944	9944	0	0	0.000	15.001	290.0	654.4	5556	15	0	0	1	11399	9944	13640	9935	1000	759	759	697	250	0	0	0	0	0	0	0	0	0	0	0	0	0	0	0	250	0	0	0	0	0	0	0
tokio	plain	listener	shared-pool:4	per-connection	all	on	on	8	retain	16777216	33554432	33554432	33554432	33554432	0-2	off									3					3	3	0-2	3-5	1	1	0	50	0	none	8000000	input-relative:50		8000000	50	stage-a-v1-no-unvalidated-margin	revision=stage-a-v1-no-unvalidated-margin;window=0.00000000000000000;recovery=0.00000000000000000;socket=0.00000000000000000;host=1.00000000000000000;nic=1.00000000000000000;control=none;waves=none	conditional	expected_rtt_unknown,rtt_variance_unknown,effective_socket_buffer_unknown,host_pps_capacity_unknown,nic_capacity_unknown	1	2a0d28d2d3d0da78585aeff901a36a85-3	1	0	9944	9944	0	0	0.108	15.003	332.8	361.8	5600	15	0	0	1	0	0	0	0	1000	759	0	0	250	0	0	0	0	0	0	0	0	0	0	0	0	0	0	0	250	0	0	0	0	0	0	0
mio	plain	caller	shared-pool:4	per-connection	all	on	on	8	retain	16777216	33554432	33554432	33554432	33554432	3-5	off									3					3	3	0-2	3-5	1	1	1	50	1	none	8000000	input-relative:100		8000000	100	stage-a-v1-no-unvalidated-margin	revision=stage-a-v1-no-unvalidated-margin;window=0.00000000000000000;recovery=0.00000000000000000;socket=0.00000000000000000;host=1.00000000000000000;nic=1.00000000000000000;control=none;waves=none	conditional	expected_rtt_unknown,rtt_variance_unknown,effective_socket_buffer_unknown,host_pps_capacity_unknown	1	2a0d28d2d3d0da78585aeff901a36a85-4	1	0	11398	11398	0	0	0.000	15.001	194.6	681.7	5272	15	0	0	0	11398	11398	213	191	1000	759	4	0	250	0	0	0	0	0	0	0	0	0	0	0	0	0	0	0	250	0	0	0	0	0	0	0
mio	plain	listener	shared-pool:4	per-connection	all	on	on	8	retain	16777216	33554432	33554432	33554432	33554432	0-2	off									3					3	3	0-2	3-5	1	1	0	50	0	none	8000000	input-relative:100		8000000	100	stage-a-v1-no-unvalidated-margin	revision=stage-a-v1-no-unvalidated-margin;window=0.00000000000000000;recovery=0.00000000000000000;socket=0.00000000000000000;host=1.00000000000000000;nic=1.00000000000000000;control=none;waves=none	conditional	expected_rtt_unknown,rtt_variance_unknown,effective_socket_buffer_unknown,host_pps_capacity_unknown,nic_capacity_unknown	1	2a0d28d2d3d0da78585aeff901a36a85-4	1	0	11398	11398	0	0	0.070	15.004	248.8	440.0	5412	15	0	0	0	0	0	0	0	1000	759	0	0	250	0	0	0	0	0	0	0	0	0	0	0	0	0	0	0	250	0	0	0	0	0	0	0
tokio	plain	caller	shared-pool:4	per-connection	all	on	on	8	retain	16777216	33554432	33554432	33554432	33554432	3-5	off									3					3	3	0-2	3-5	1	1	1	50	1	none	8000000	input-relative:100		8000000	100	stage-a-v1-no-unvalidated-margin	revision=stage-a-v1-no-unvalidated-margin;window=0.00000000000000000;recovery=0.00000000000000000;socket=0.00000000000000000;host=1.00000000000000000;nic=1.00000000000000000;control=none;waves=none	conditional	expected_rtt_unknown,rtt_variance_unknown,effective_socket_buffer_unknown,host_pps_capacity_unknown	1	2a0d28d2d3d0da78585aeff901a36a85-5	1	0	10900	10900	0	0	0.000	15.001	340.2	765.5	5516	15	0	0	0	11398	10900	16185	10898	1000	759	499	0	250	0	0	0	0	0	0	0	0	0	0	0	0	0	0	0	250	0	0	0	0	0	0	0
tokio	plain	listener	shared-pool:4	per-connection	all	on	on	8	retain	16777216	33554432	33554432	33554432	33554432	0-2	off									3					3	3	0-2	3-5	1	1	0	50	0	none	8000000	input-relative:100		8000000	100	stage-a-v1-no-unvalidated-margin	revision=stage-a-v1-no-unvalidated-margin;window=0.00000000000000000;recovery=0.00000000000000000;socket=0.00000000000000000;host=1.00000000000000000;nic=1.00000000000000000;control=none;waves=none	conditional	expected_rtt_unknown,rtt_variance_unknown,effective_socket_buffer_unknown,host_pps_capacity_unknown,nic_capacity_unknown	1	2a0d28d2d3d0da78585aeff901a36a85-5	1	0	10900	10900	0	0	0.119	15.003	354.8	465.7	5580	15	0	0	0	0	0	0	0	1000	759	0	0	250	0	0	0	0	0	0	0	0	0	0	0	0	0	0	0	250	0	0	0	0	0	0	0
mio	plain	caller	shared-pool:4	per-connection	all	on	on	8	retain	16777216	33554432	33554432	33554432	33554432	3-5	off									3					3	3	0-2	3-5	1	1	1	50	1	none	8000000	fixed:10200000	10200000		25	stage-a-v1-no-unvalidated-margin	revision=stage-a-v1-no-unvalidated-margin;window=0.00000000000000000;recovery=0.00000000000000000;socket=0.00000000000000000;host=1.00000000000000000;nic=1.00000000000000000;control=none;waves=none	conditional	expected_rtt_unknown,rtt_variance_unknown,effective_socket_buffer_unknown,host_pps_capacity_unknown	1	2a0d28d2d3d0da78585aeff901a36a85-6	1	0	11398	11398	0	0	0.000	15.001	189.9	703.1	5180	15	0	0	0	11398	11398	275	228	1000	759	4	0	250	0	0	0	0	0	0	0	0	0	0	0	0	0	0	0	250	0	0	0	0	0	0	0
mio	plain	listener	shared-pool:4	per-connection	all	on	on	8	retain	16777216	33554432	33554432	33554432	33554432	0-2	off									3					3	3	0-2	3-5	1	1	0	50	0	none	8000000	fixed:10200000	10200000		25	stage-a-v1-no-unvalidated-margin	revision=stage-a-v1-no-unvalidated-margin;window=0.00000000000000000;recovery=0.00000000000000000;socket=0.00000000000000000;host=1.00000000000000000;nic=1.00000000000000000;control=none;waves=none	conditional	expected_rtt_unknown,rtt_variance_unknown,effective_socket_buffer_unknown,host_pps_capacity_unknown,nic_capacity_unknown	1	2a0d28d2d3d0da78585aeff901a36a85-6	1	0	11398	11398	0	0	0.111	15.004	235.9	450.9	5360	15	0	0	0	0	0	0	0	1000	759	0	0	250	0	0	0	0	0	0	0	0	0	0	0	0	0	0	0	250	0	0	0	0	0	0	0
tokio	plain	caller	shared-pool:4	per-connection	all	on	on	8	retain	16777216	33554432	33554432	33554432	33554432	3-5	off									3					3	3	0-2	3-5	1	1	1	50	1	none	8000000	fixed:10200000	10200000		25	stage-a-v1-no-unvalidated-margin	revision=stage-a-v1-no-unvalidated-margin;window=0.00000000000000000;recovery=0.00000000000000000;socket=0.00000000000000000;host=1.00000000000000000;nic=1.00000000000000000;control=none;waves=none	conditional	expected_rtt_unknown,rtt_variance_unknown,effective_socket_buffer_unknown,host_pps_capacity_unknown	1	2a0d28d2d3d0da78585aeff901a36a85-7	1	0	10775	10775	0	0	0.000	15.001	339.2	715.0	5512	15	0	0	0	11398	10775	13700	10768	1000	759	624	0	250	0	0	0	0	0	0	0	0	0	0	0	0	0	0	0	250	0	0	0	0	0	0	0
tokio	plain	listener	shared-pool:4	per-connection	all	on	on	8	retain	16777216	33554432	33554432	33554432	33554432	0-2	off									3					3	3	0-2	3-5	1	1	0	50	0	none	8000000	fixed:10200000	10200000		25	stage-a-v1-no-unvalidated-margin	revision=stage-a-v1-no-unvalidated-margin;window=0.00000000000000000;recovery=0.00000000000000000;socket=0.00000000000000000;host=1.00000000000000000;nic=1.00000000000000000;control=none;waves=none	conditional	expected_rtt_unknown,rtt_variance_unknown,effective_socket_buffer_unknown,host_pps_capacity_unknown,nic_capacity_unknown	1	2a0d28d2d3d0da78585aeff901a36a85-7	1	0	10775	10775	0	0	0.106	15.004	365.7	428.7	5384	15	0	0	0	0	0	0	0	1000	759	0	0	250	0	0	0	0	0	0	0	0	0	0	0	0	0	0	0	250	0	0	0	0	0	0	0
mio	plain	caller	shared-pool:4	per-connection	all	on	on	8	retain	16777216	33554432	33554432	33554432	33554432	3-5	off									3					3	3	0-2	3-5	1	1	1	50	1	none	8000000	fixed:10400000	10400000		25	stage-a-v1-no-unvalidated-margin	revision=stage-a-v1-no-unvalidated-margin;window=0.00000000000000000;recovery=0.00000000000000000;socket=0.00000000000000000;host=1.00000000000000000;nic=1.00000000000000000;control=none;waves=none	conditional	expected_rtt_unknown,rtt_variance_unknown,effective_socket_buffer_unknown,host_pps_capacity_unknown	1	2a0d28d2d3d0da78585aeff901a36a85-8	1	0	11399	11399	0	0	0.000	15.003	245.9	766.3	5296	15	0	0	0	11399	11399	428	363	1000	759	11	0	250	0	0	0	0	0	0	0	0	0	0	0	0	0	0	0	250	0	0	0	0	0	0	0
mio	plain	listener	shared-pool:4	per-connection	all	on	on	8	retain	16777216	33554432	33554432	33554432	33554432	0-2	off									3					3	3	0-2	3-5	1	1	0	50	0	none	8000000	fixed:10400000	10400000		25	stage-a-v1-no-unvalidated-margin	revision=stage-a-v1-no-unvalidated-margin;window=0.00000000000000000;recovery=0.00000000000000000;socket=0.00000000000000000;host=1.00000000000000000;nic=1.00000000000000000;control=none;waves=none	conditional	expected_rtt_unknown,rtt_variance_unknown,effective_socket_buffer_unknown,host_pps_capacity_unknown,nic_capacity_unknown	1	2a0d28d2d3d0da78585aeff901a36a85-8	1	0	11399	11399	0	0	0.101	15.005	250.1	537.6	5232	15	0	0	0	0	0	0	0	1000	759	0	0	250	0	0	0	0	0	0	0	0	0	0	0	0	0	0	0	250	0	0	0	0	0	0	0
tokio	plain	caller	shared-pool:4	per-connection	all	on	on	8	retain	16777216	33554432	33554432	33554432	33554432	3-5	off									3					3	3	0-2	3-5	1	1	1	50	1	none	8000000	fixed:10400000	10400000		25	stage-a-v1-no-unvalidated-margin	revision=stage-a-v1-no-unvalidated-margin;window=0.00000000000000000;recovery=0.00000000000000000;socket=0.00000000000000000;host=1.00000000000000000;nic=1.00000000000000000;control=none;waves=none	conditional	expected_rtt_unknown,rtt_variance_unknown,effective_socket_buffer_unknown,host_pps_capacity_unknown	1	2a0d28d2d3d0da78585aeff901a36a85-9	1	0	10870	10870	0	0	0.000	15.002	292.1	651.8	5468	15	0	0	0	11399	10870	14326	10866	1000	759	530	0	250	0	0	0	0	0	0	0	0	0	0	0	0	0	0	0	250	0	0	0	0	0	0	0
tokio	plain	listener	shared-pool:4	per-connection	all	on	on	8	retain	16777216	33554432	33554432	33554432	33554432	0-2	off									3					3	3	0-2	3-5	1	1	0	50	0	none	8000000	fixed:10400000	10400000		25	stage-a-v1-no-unvalidated-margin	revision=stage-a-v1-no-unvalidated-margin;window=0.00000000000000000;recovery=0.00000000000000000;socket=0.00000000000000000;host=1.00000000000000000;nic=1.00000000000000000;control=none;waves=none	conditional	expected_rtt_unknown,rtt_variance_unknown,effective_socket_buffer_unknown,host_pps_capacity_unknown,nic_capacity_unknown	1	2a0d28d2d3d0da78585aeff901a36a85-9	1	0	10870	10870	0	0	0.140	15.004	332.6	371.7	5552	15	0	0	0	0	0	0	0	1000	759	0	0	250	0	0	0	0	0	0	0	0	0	0	0	0	0	0	0	250	0	0	0	0	0	0	0
mio	plain	caller	shared-pool:4	per-connection	all	on	on	8	retain	16777216	33554432	33554432	33554432	33554432	3-5	off									3					3	3	0-2	3-5	1	1	1	50	1	none	8000000	fixed:10600000	10600000		25	stage-a-v1-no-unvalidated-margin	revision=stage-a-v1-no-unvalidated-margin;window=0.00000000000000000;recovery=0.00000000000000000;socket=0.00000000000000000;host=1.00000000000000000;nic=1.00000000000000000;control=none;waves=none	conditional	expected_rtt_unknown,rtt_variance_unknown,effective_socket_buffer_unknown,host_pps_capacity_unknown	1	2a0d28d2d3d0da78585aeff901a36a85-10	1	0	11398	11398	0	0	0.000	15.001	230.0	675.5	5260	15	0	0	0	11398	11398	308	268	1000	759	7	0	250	0	0	0	0	0	0	0	0	0	0	0	0	0	0	0	250	0	0	0	0	0	0	0
mio	plain	listener	shared-pool:4	per-connection	all	on	on	8	retain	16777216	33554432	33554432	33554432	33554432	0-2	off									3					3	3	0-2	3-5	1	1	0	50	0	none	8000000	fixed:10600000	10600000		25	stage-a-v1-no-unvalidated-margin	revision=stage-a-v1-no-unvalidated-margin;window=0.00000000000000000;recovery=0.00000000000000000;socket=0.00000000000000000;host=1.00000000000000000;nic=1.00000000000000000;control=none;waves=none	conditional	expected_rtt_unknown,rtt_variance_unknown,effective_socket_buffer_unknown,host_pps_capacity_unknown,nic_capacity_unknown	1	2a0d28d2d3d0da78585aeff901a36a85-10	1	0	11398	11398	0	0	0.145	15.004	259.0	432.9	5496	15	0	0	0	0	0	0	0	1000	759	0	0	250	0	0	0	0	0	0	0	0	0	0	0	0	0	0	0	250	0	0	0	0	0	0	0
tokio	plain	caller	shared-pool:4	per-connection	all	on	on	8	retain	16777216	33554432	33554432	33554432	33554432	3-5	off									3					3	3	0-2	3-5	1	1	1	50	1	none	8000000	fixed:10600000	10600000		25	stage-a-v1-no-unvalidated-margin	revision=stage-a-v1-no-unvalidated-margin;window=0.00000000000000000;recovery=0.00000000000000000;socket=0.00000000000000000;host=1.00000000000000000;nic=1.00000000000000000;control=none;waves=none	conditional	expected_rtt_unknown,rtt_variance_unknown,effective_socket_buffer_unknown,host_pps_capacity_unknown	1	2a0d28d2d3d0da78585aeff901a36a85-11	1	0	11156	11156	0	0	0.000	15.001	321.0	761.7	5504	15	0	0	1	11399	11156	15124	11152	1000	759	246	0	250	0	0	0	0	0	0	0	0	0	0	0	0	0	0	0	250	0	0	0	0	0	0	0
tokio	plain	listener	shared-pool:4	per-connection	all	on	on	8	retain	16777216	33554432	33554432	33554432	33554432	0-2	off									3					3	3	0-2	3-5	1	1	0	50	0	none	8000000	fixed:10600000	10600000		25	stage-a-v1-no-unvalidated-margin	revision=stage-a-v1-no-unvalidated-margin;window=0.00000000000000000;recovery=0.00000000000000000;socket=0.00000000000000000;host=1.00000000000000000;nic=1.00000000000000000;control=none;waves=none	conditional	expected_rtt_unknown,rtt_variance_unknown,effective_socket_buffer_unknown,host_pps_capacity_unknown,nic_capacity_unknown	1	2a0d28d2d3d0da78585aeff901a36a85-11	1	0	11156	11156	0	0	0.100	15.003	381.9	443.3	5460	15	0	0	1	0	0	0	0	1000	759	0	0	250	0	0	0	0	0	0	0	0	0	0	0	0	0	0	0	250	0	0	0	0	0	0	0
mio	plain	caller	shared-pool:4	per-connection	all	on	on	8	retain	16777216	33554432	33554432	33554432	33554432	3-5	off									3					3	3	0-2	3-5	1	1	1	50	1	none	8000000	fixed:10900000	10900000		25	stage-a-v1-no-unvalidated-margin	revision=stage-a-v1-no-unvalidated-margin;window=0.00000000000000000;recovery=0.00000000000000000;socket=0.00000000000000000;host=1.00000000000000000;nic=1.00000000000000000;control=none;waves=none	conditional	expected_rtt_unknown,rtt_variance_unknown,effective_socket_buffer_unknown,host_pps_capacity_unknown	1	2a0d28d2d3d0da78585aeff901a36a85-12	1	0	11398	11398	0	0	0.000	15.001	210.9	875.2	5152	15	0	0	0	11398	11398	637	547	1000	759	8	0	250	0	0	0	0	0	0	0	0	0	0	0	0	0	0	0	250	0	0	0	0	0	0	0
mio	plain	listener	shared-pool:4	per-connection	all	on	on	8	retain	16777216	33554432	33554432	33554432	33554432	0-2	off									3					3	3	0-2	3-5	1	1	0	50	0	none	8000000	fixed:10900000	10900000		25	stage-a-v1-no-unvalidated-margin	revision=stage-a-v1-no-unvalidated-margin;window=0.00000000000000000;recovery=0.00000000000000000;socket=0.00000000000000000;host=1.00000000000000000;nic=1.00000000000000000;control=none;waves=none	conditional	expected_rtt_unknown,rtt_variance_unknown,effective_socket_buffer_unknown,host_pps_capacity_unknown,nic_capacity_unknown	1	2a0d28d2d3d0da78585aeff901a36a85-12	1	0	11398	11398	0	0	0.198	15.003	252.4	621.1	5188	15	0	0	0	0	0	0	0	1000	759	0	0	250	0	0	0	0	0	0	0	0	0	0	0	0	0	0	0	250	0	0	0	0	0	0	0
tokio	plain	caller	shared-pool:4	per-connection	all	on	on	8	retain	16777216	33554432	33554432	33554432	33554432	3-5	off									3					3	3	0-2	3-5	1	1	1	50	1	none	8000000	fixed:10900000	10900000		25	stage-a-v1-no-unvalidated-margin	revision=stage-a-v1-no-unvalidated-margin;window=0.00000000000000000;recovery=0.00000000000000000;socket=0.00000000000000000;host=1.00000000000000000;nic=1.00000000000000000;control=none;waves=none	conditional	expected_rtt_unknown,rtt_variance_unknown,effective_socket_buffer_unknown,host_pps_capacity_unknown	1	2a0d28d2d3d0da78585aeff901a36a85-13	1	0	11365	11365	0	0	0.000	15.001	356.7	852.2	5508	15	0	0	0	11398	11365	15794	11354	1000	759	58	0	250	0	0	0	0	0	0	0	0	0	0	0	0	0	0	0	250	0	0	0	0	0	0	0
tokio	plain	listener	shared-pool:4	per-connection	all	on	on	8	retain	16777216	33554432	33554432	33554432	33554432	0-2	off									3					3	3	0-2	3-5	1	1	0	50	0	none	8000000	fixed:10900000	10900000		25	stage-a-v1-no-unvalidated-margin	revision=stage-a-v1-no-unvalidated-margin;window=0.00000000000000000;recovery=0.00000000000000000;socket=0.00000000000000000;host=1.00000000000000000;nic=1.00000000000000000;control=none;waves=none	conditional	expected_rtt_unknown,rtt_variance_unknown,effective_socket_buffer_unknown,host_pps_capacity_unknown,nic_capacity_unknown	1	2a0d28d2d3d0da78585aeff901a36a85-13	1	0	11365	11365	0	0	0.105	15.004	404.5	515.3	5548	15	0	0	0	0	0	0	0	1000	759	0	0	250	0	0	0	0	0	0	0	0	0	0	0	0	0	0	0	250	0	0	0	0	0	0	0
mio	plain	listener	shared-pool:4	per-connection	all	on	on	8	retain	16777216	33554432	33554432	33554432	33554432	0-2	off									3					3	3	0-2	3-5	1	1	0	50	0	none	8000000	fixed:100000000	100000000		25	stage-a-v1-no-unvalidated-margin	revision=stage-a-v1-no-unvalidated-margin;window=0.00000000000000000;recovery=0.00000000000000000;socket=0.00000000000000000;host=1.00000000000000000;nic=1.00000000000000000;control=none;waves=none	conditional	expected_rtt_unknown,rtt_variance_unknown,effective_socket_buffer_unknown,host_pps_capacity_unknown,nic_capacity_unknown	1	2a0d28d2d3d0da78585aeff901a36a85-14	1	0	11398	11398	0	0	0.127	15.003	254.4	456.9	5428	15	0	0	0	0	0	0	0	1000	759	0	0	250	0	0	0	0	0	0	0	0	0	0	0	0	0	0	0	250	0	0	0	0	0	0	0
mio	plain	caller	shared-pool:4	per-connection	all	on	on	8	retain	16777216	33554432	33554432	33554432	33554432	3-5	off									3					3	3	0-2	3-5	1	1	1	50	1	none	8000000	fixed:100000000	100000000		25	stage-a-v1-no-unvalidated-margin	revision=stage-a-v1-no-unvalidated-margin;window=0.00000000000000000;recovery=0.00000000000000000;socket=0.00000000000000000;host=1.00000000000000000;nic=1.00000000000000000;control=none;waves=none	conditional	expected_rtt_unknown,rtt_variance_unknown,effective_socket_buffer_unknown,host_pps_capacity_unknown	1	2a0d28d2d3d0da78585aeff901a36a85-14	1	0	11398	11398	0	0	0.000	15.001	212.0	708.0	5228	15	0	0	0	11398	11398	36	34	1000	759	3	0	250	0	0	0	0	0	0	0	0	0	0	0	0	0	0	0	250	0	0	0	0	0	0	0
tokio	plain	caller	shared-pool:4	per-connection	all	on	on	8	retain	16777216	33554432	33554432	33554432	33554432	3-5	off									3					3	3	0-2	3-5	1	1	1	50	1	none	8000000	fixed:100000000	100000000		25	stage-a-v1-no-unvalidated-margin	revision=stage-a-v1-no-unvalidated-margin;window=0.00000000000000000;recovery=0.00000000000000000;socket=0.00000000000000000;host=1.00000000000000000;nic=1.00000000000000000;control=none;waves=none	conditional	expected_rtt_unknown,rtt_variance_unknown,effective_socket_buffer_unknown,host_pps_capacity_unknown	1	2a0d28d2d3d0da78585aeff901a36a85-15	1	0	11398	11398	0	0	0.000	15.001	584.2	679.0	5344	15	0	0	0	11398	11398	7079	4753	1000	759	4	0	250	0	0	0	0	0	0	0	0	0	0	0	0	0	0	0	250	0	0	0	0	0	0	0
tokio	plain	listener	shared-pool:4	per-connection	all	on	on	8	retain	16777216	33554432	33554432	33554432	33554432	0-2	off									3					3	3	0-2	3-5	1	1	0	50	0	none	8000000	fixed:100000000	100000000		25	stage-a-v1-no-unvalidated-margin	revision=stage-a-v1-no-unvalidated-margin;window=0.00000000000000000;recovery=0.00000000000000000;socket=0.00000000000000000;host=1.00000000000000000;nic=1.00000000000000000;control=none;waves=none	conditional	expected_rtt_unknown,rtt_variance_unknown,effective_socket_buffer_unknown,host_pps_capacity_unknown,nic_capacity_unknown	1	2a0d28d2d3d0da78585aeff901a36a85-15	1	0	11398	11398	0	0	0.137	15.003	378.5	382.9	5564	15	0	0	0	0	0	0	0	1000	759	0	0	250	0	0	0	0	0	0	0	0	0	0	0	0	0	0	0	250	0	0	0	0	0	0	0
mio	plain	caller	shared-pool:4	per-connection	all	on	on	8	retain	16777216	33554432	33554432	33554432	33554432	3-5	off									3					3	3	0-2	3-5	1	1	1	50	1	none	8000000	input-relative:25		8000000	25	stage-a-v1-no-unvalidated-margin	revision=stage-a-v1-no-unvalidated-margin;window=0.00000000000000000;recovery=0.00000000000000000;socket=0.00000000000000000;host=1.00000000000000000;nic=1.00000000000000000;control=none;waves=none	conditional	expected_rtt_unknown,rtt_variance_unknown,effective_socket_buffer_unknown,host_pps_capacity_unknown	2	2a0d28d2d3d0da78585aeff901a36a85-16	1	0	11398	11398	0	0	0.000	15.001	219.2	662.4	5280	15	0	0	0	11398	11398	489	423	1000	759	10	0	250	0	0	0	0	0	0	0	0	0	0	0	0	0	0	0	250	0	0	0	0	0	0	0
mio	plain	listener	shared-pool:4	per-connection	all	on	on	8	retain	16777216	33554432	33554432	33554432	33554432	0-2	off									3					3	3	0-2	3-5	1	1	0	50	0	none	8000000	input-relative:25		8000000	25	stage-a-v1-no-unvalidated-margin	revision=stage-a-v1-no-unvalidated-margin;window=0.00000000000000000;recovery=0.00000000000000000;socket=0.00000000000000000;host=1.00000000000000000;nic=1.00000000000000000;control=none;waves=none	conditional	expected_rtt_unknown,rtt_variance_unknown,effective_socket_buffer_unknown,host_pps_capacity_unknown,nic_capacity_unknown	2	2a0d28d2d3d0da78585aeff901a36a85-16	1	0	11398	11398	0	0	0.149	15.003	238.9	438.1	5400	15	0	0	0	0	0	0	0	1000	759	0	0	250	0	0	0	0	0	0	0	0	0	0	0	0	0	0	0	250	0	0	0	0	0	0	0
tokio	plain	caller	shared-pool:4	per-connection	all	on	on	8	retain	16777216	33554432	33554432	33554432	33554432	3-5	off									3					3	3	0-2	3-5	1	1	1	50	1	none	8000000	input-relative:25		8000000	25	stage-a-v1-no-unvalidated-margin	revision=stage-a-v1-no-unvalidated-margin;window=0.00000000000000000;recovery=0.00000000000000000;socket=0.00000000000000000;host=1.00000000000000000;nic=1.00000000000000000;control=none;waves=none	conditional	expected_rtt_unknown,rtt_variance_unknown,effective_socket_buffer_unknown,host_pps_capacity_unknown	2	2a0d28d2d3d0da78585aeff901a36a85-17	1	0	10060	10060	0	0	0.000	15.001	334.6	655.8	5576	15	0	0	0	11398	10060	12304	10057	1000	759	759	580	250	0	0	0	0	0	0	0	0	0	0	0	0	0	0	0	250	0	0	0	0	0	0	0
tokio	plain	listener	shared-pool:4	per-connection	all	on	on	8	retain	16777216	33554432	33554432	33554432	33554432	0-2	off									3					3	3	0-2	3-5	1	1	0	50	0	none	8000000	input-relative:25		8000000	25	stage-a-v1-no-unvalidated-margin	revision=stage-a-v1-no-unvalidated-margin;window=0.00000000000000000;recovery=0.00000000000000000;socket=0.00000000000000000;host=1.00000000000000000;nic=1.00000000000000000;control=none;waves=none	conditional	expected_rtt_unknown,rtt_variance_unknown,effective_socket_buffer_unknown,host_pps_capacity_unknown,nic_capacity_unknown	2	2a0d28d2d3d0da78585aeff901a36a85-17	1	0	10060	10060	0	0	0.171	15.003	351.4	390.2	5564	15	0	0	0	0	0	0	0	1000	759	0	0	250	0	0	0	0	0	0	0	0	0	0	0	0	0	0	0	250	0	0	0	0	0	0	0
mio	plain	caller	shared-pool:4	per-connection	all	on	on	8	retain	16777216	33554432	33554432	33554432	33554432	3-5	off									3					3	3	0-2	3-5	1	1	1	50	1	none	8000000	input-relative:50		8000000	50	stage-a-v1-no-unvalidated-margin	revision=stage-a-v1-no-unvalidated-margin;window=0.00000000000000000;recovery=0.00000000000000000;socket=0.00000000000000000;host=1.00000000000000000;nic=1.00000000000000000;control=none;waves=none	conditional	expected_rtt_unknown,rtt_variance_unknown,effective_socket_buffer_unknown,host_pps_capacity_unknown	2	2a0d28d2d3d0da78585aeff901a36a85-18	1	0	11398	11398	0	0	0.000	15.001	206.9	673.5	5232	15	0	0	0	11398	11398	133	121	1000	759	2	0	250	0	0	0	0	0	0	0	0	0	0	0	0	0	0	0	250	0	0	0	0	0	0	0
mio	plain	listener	shared-pool:4	per-connection	all	on	on	8	retain	16777216	33554432	33554432	33554432	33554432	0-2	off									3					3	3	0-2	3-5	1	1	0	50	0	none	8000000	input-relative:50		8000000	50	stage-a-v1-no-unvalidated-margin	revision=stage-a-v1-no-unvalidated-margin;window=0.00000000000000000;recovery=0.00000000000000000;socket=0.00000000000000000;host=1.00000000000000000;nic=1.00000000000000000;control=none;waves=none	conditional	expected_rtt_unknown,rtt_variance_unknown,effective_socket_buffer_unknown,host_pps_capacity_unknown,nic_capacity_unknown	2	2a0d28d2d3d0da78585aeff901a36a85-18	1	0	11398	11398	0	0	0.101	15.003	244.5	435.2	5280	15	0	0	0	0	0	0	0	1000	759	0	0	250	0	0	0	0	0	0	0	0	0	0	0	0	0	0	0	250	0	0	0	0	0	0	0
tokio	plain	caller	shared-pool:4	per-connection	all	on	on	8	retain	16777216	33554432	33554432	33554432	33554432	3-5	off									3					3	3	0-2	3-5	1	1	1	50	1	none	8000000	input-relative:50		8000000	50	stage-a-v1-no-unvalidated-margin	revision=stage-a-v1-no-unvalidated-margin;window=0.00000000000000000;recovery=0.00000000000000000;socket=0.00000000000000000;host=1.00000000000000000;nic=1.00000000000000000;control=none;waves=none	conditional	expected_rtt_unknown,rtt_variance_unknown,effective_socket_buffer_unknown,host_pps_capacity_unknown	2	2a0d28d2d3d0da78585aeff901a36a85-19	1	0	9965	9965	0	0	0.000	15.002	355.9	718.8	5368	15	0	0	0	11398	9965	13518	9950	1000	759	759	675	250	0	0	0	0	0	0	0	0	0	0	0	0	0	0	0	250	0	0	0	0	0	0	0
tokio	plain	listener	shared-pool:4	per-connection	all	on	on	8	retain	16777216	33554432	33554432	33554432	33554432	0-2	off									3					3	3	0-2	3-5	1	1	0	50	0	none	8000000	input-relative:50		8000000	50	stage-a-v1-no-unvalidated-margin	revision=stage-a-v1-no-unvalidated-margin;window=0.00000000000000000;recovery=0.00000000000000000;socket=0.00000000000000000;host=1.00000000000000000;nic=1.00000000000000000;control=none;waves=none	conditional	expected_rtt_unknown,rtt_variance_unknown,effective_socket_buffer_unknown,host_pps_capacity_unknown,nic_capacity_unknown	2	2a0d28d2d3d0da78585aeff901a36a85-19	1	0	9965	9965	0	0	0.082	15.004	382.2	426.7	5408	15	0	0	0	0	0	0	0	1000	759	0	0	250	0	0	0	0	0	0	0	0	0	0	0	0	0	0	0	250	0	0	0	0	0	0	0
mio	plain	caller	shared-pool:4	per-connection	all	on	on	8	retain	16777216	33554432	33554432	33554432	33554432	3-5	off									3					3	3	0-2	3-5	1	1	1	50	1	none	8000000	input-relative:100		8000000	100	stage-a-v1-no-unvalidated-margin	revision=stage-a-v1-no-unvalidated-margin;window=0.00000000000000000;recovery=0.00000000000000000;socket=0.00000000000000000;host=1.00000000000000000;nic=1.00000000000000000;control=none;waves=none	conditional	expected_rtt_unknown,rtt_variance_unknown,effective_socket_buffer_unknown,host_pps_capacity_unknown	2	2a0d28d2d3d0da78585aeff901a36a85-20	1	0	11398	11398	0	0	0.000	15.000	237.4	1000.4	5344	15	0	0	0	11398	11398	689	602	1000	759	9	0	250	0	0	0	0	0	0	0	0	0	0	0	0	0	0	0	250	0	0	0	0	0	0	0
mio	plain	listener	shared-pool:4	per-connection	all	on	on	8	retain	16777216	33554432	33554432	33554432	33554432	0-2	off									3					3	3	0-2	3-5	1	1	0	50	0	none	8000000	input-relative:100		8000000	100	stage-a-v1-no-unvalidated-margin	revision=stage-a-v1-no-unvalidated-margin;window=0.00000000000000000;recovery=0.00000000000000000;socket=0.00000000000000000;host=1.00000000000000000;nic=1.00000000000000000;control=none;waves=none	conditional	expected_rtt_unknown,rtt_variance_unknown,effective_socket_buffer_unknown,host_pps_capacity_unknown,nic_capacity_unknown	2	2a0d28d2d3d0da78585aeff901a36a85-20	1	0	11398	11398	0	0	0.164	15.003	290.7	700.4	5396	15	0	0	0	0	0	0	0	1000	759	0	0	250	0	0	0	0	0	0	0	0	0	0	0	0	0	0	0	250	0	0	0	0	0	0	0
tokio	plain	caller	shared-pool:4	per-connection	all	on	on	8	retain	16777216	33554432	33554432	33554432	33554432	3-5	off									3					3	3	0-2	3-5	1	1	1	50	1	none	8000000	input-relative:100		8000000	100	stage-a-v1-no-unvalidated-margin	revision=stage-a-v1-no-unvalidated-margin;window=0.00000000000000000;recovery=0.00000000000000000;socket=0.00000000000000000;host=1.00000000000000000;nic=1.00000000000000000;control=none;waves=none	conditional	expected_rtt_unknown,rtt_variance_unknown,effective_socket_buffer_unknown,host_pps_capacity_unknown	2	2a0d28d2d3d0da78585aeff901a36a85-21	1	0	10968	10968	0	0	0.000	15.001	395.2	736.5	5432	15	0	0	0	11397	10968	16381	10961	1000	759	430	0	250	0	0	0	0	0	0	0	0	0	0	0	0	0	0	0	250	0	0	0	0	0	0	0
tokio	plain	listener	shared-pool:4	per-connection	all	on	on	8	retain	16777216	33554432	33554432	33554432	33554432	0-2	off									3					3	3	0-2	3-5	1	1	0	50	0	none	8000000	input-relative:100		8000000	100	stage-a-v1-no-unvalidated-margin	revision=stage-a-v1-no-unvalidated-margin;window=0.00000000000000000;recovery=0.00000000000000000;socket=0.00000000000000000;host=1.00000000000000000;nic=1.00000000000000000;control=none;waves=none	conditional	expected_rtt_unknown,rtt_variance_unknown,effective_socket_buffer_unknown,host_pps_capacity_unknown,nic_capacity_unknown	2	2a0d28d2d3d0da78585aeff901a36a85-21	1	0	10968	10968	0	0	0.115	15.004	350.2	491.0	5628	15	0	0	0	0	0	0	0	1000	759	0	0	250	0	0	0	0	0	0	0	0	0	0	0	0	0	0	0	250	0	0	0	0	0	0	0
mio	plain	caller	shared-pool:4	per-connection	all	on	on	8	retain	16777216	33554432	33554432	33554432	33554432	3-5	off									3					3	3	0-2	3-5	1	1	1	50	1	none	8000000	fixed:10200000	10200000		25	stage-a-v1-no-unvalidated-margin	revision=stage-a-v1-no-unvalidated-margin;window=0.00000000000000000;recovery=0.00000000000000000;socket=0.00000000000000000;host=1.00000000000000000;nic=1.00000000000000000;control=none;waves=none	conditional	expected_rtt_unknown,rtt_variance_unknown,effective_socket_buffer_unknown,host_pps_capacity_unknown	2	2a0d28d2d3d0da78585aeff901a36a85-22	1	0	11398	11398	0	0	0.000	15.001	203.0	677.4	5260	15	0	0	0	11398	11398	299	249	1000	759	7	0	250	0	0	0	0	0	0	0	0	0	0	0	0	0	0	0	250	0	0	0	0	0	0	0
mio	plain	listener	shared-pool:4	per-connection	all	on	on	8	retain	16777216	33554432	33554432	33554432	33554432	0-2	off									3					3	3	0-2	3-5	1	1	0	50	0	none	8000000	fixed:10200000	10200000		25	stage-a-v1-no-unvalidated-margin	revision=stage-a-v1-no-unvalidated-margin;window=0.00000000000000000;recovery=0.00000000000000000;socket=0.00000000000000000;host=1.00000000000000000;nic=1.00000000000000000;control=none;waves=none	conditional	expected_rtt_unknown,rtt_variance_unknown,effective_socket_buffer_unknown,host_pps_capacity_unknown,nic_capacity_unknown	2	2a0d28d2d3d0da78585aeff901a36a85-22	1	0	11398	11398	0	0	0.116	15.003	257.6	428.9	5200	15	0	0	0	0	0	0	0	1000	759	0	0	250	0	0	0	0	0	0	0	0	0	0	0	0	0	0	0	250	0	0	0	0	0	0	0
tokio	plain	caller	shared-pool:4	per-connection	all	on	on	8	retain	16777216	33554432	33554432	33554432	33554432	3-5	off									3					3	3	0-2	3-5	1	1	1	50	1	none	8000000	fixed:10200000	10200000		25	stage-a-v1-no-unvalidated-margin	revision=stage-a-v1-no-unvalidated-margin;window=0.00000000000000000;recovery=0.00000000000000000;socket=0.00000000000000000;host=1.00000000000000000;nic=1.00000000000000000;control=none;waves=none	conditional	expected_rtt_unknown,rtt_variance_unknown,effective_socket_buffer_unknown,host_pps_capacity_unknown	2	2a0d28d2d3d0da78585aeff901a36a85-23	1	0	10555	10555	0	0	0.000	15.001	388.6	755.6	5456	15	0	0	0	11398	10555	13665	10551	1000	759	759	86	250	0	0	0	0	0	0	0	0	0	0	0	0	0	0	0	250	0	0	0	0	0	0	0
tokio	plain	listener	shared-pool:4	per-connection	all	on	on	8	retain	16777216	33554432	33554432	33554432	33554432	0-2	off									3					3	3	0-2	3-5	1	1	0	50	0	none	8000000	fixed:10200000	10200000		25	stage-a-v1-no-unvalidated-margin	revision=stage-a-v1-no-unvalidated-margin;window=0.00000000000000000;recovery=0.00000000000000000;socket=0.00000000000000000;host=1.00000000000000000;nic=1.00000000000000000;control=none;waves=none	conditional	expected_rtt_unknown,rtt_variance_unknown,effective_socket_buffer_unknown,host_pps_capacity_unknown,nic_capacity_unknown	2	2a0d28d2d3d0da78585aeff901a36a85-23	1	0	10555	10555	0	0	0.112	15.003	383.0	463.1	5392	15	0	0	0	0	0	0	0	1000	759	0	0	250	0	0	0	0	0	0	0	0	0	0	0	0	0	0	0	250	0	0	0	0	0	0	0
mio	plain	caller	shared-pool:4	per-connection	all	on	on	8	retain	16777216	33554432	33554432	33554432	33554432	3-5	off									3					3	3	0-2	3-5	1	1	1	50	1	none	8000000	fixed:10400000	10400000		25	stage-a-v1-no-unvalidated-margin	revision=stage-a-v1-no-unvalidated-margin;window=0.00000000000000000;recovery=0.00000000000000000;socket=0.00000000000000000;host=1.00000000000000000;nic=1.00000000000000000;control=none;waves=none	conditional	expected_rtt_unknown,rtt_variance_unknown,effective_socket_buffer_unknown,host_pps_capacity_unknown	2	2a0d28d2d3d0da78585aeff901a36a85-24	1	0	11398	11398	0	0	0.000	15.001	224.1	743.4	5244	15	0	0	0	11398	11398	391	324	1000	759	5	0	250	0	0	0	0	0	0	0	0	0	0	0	0	0	0	0	250	0	0	0	0	0	0	0
mio	plain	listener	shared-pool:4	per-connection	all	on	on	8	retain	16777216	33554432	33554432	33554432	33554432	0-2	off									3					3	3	0-2	3-5	1	1	0	50	0	none	8000000	fixed:10400000	10400000		25	stage-a-v1-no-unvalidated-margin	revision=stage-a-v1-no-unvalidated-margin;window=0.00000000000000000;recovery=0.00000000000000000;socket=0.00000000000000000;host=1.00000000000000000;nic=1.00000000000000000;control=none;waves=none	conditional	expected_rtt_unknown,rtt_variance_unknown,effective_socket_buffer_unknown,host_pps_capacity_unknown,nic_capacity_unknown	2	2a0d28d2d3d0da78585aeff901a36a85-24	1	0	11398	11398	0	0	0.285	15.003	247.7	505.0	5348	15	0	0	0	0	0	0	0	1000	759	0	0	250	0	0	0	0	0	0	0	0	0	0	0	0	0	0	0	250	0	0	0	0	0	0	0
tokio	plain	caller	shared-pool:4	per-connection	all	on	on	8	retain	16777216	33554432	33554432	33554432	33554432	3-5	off									3					3	3	0-2	3-5	1	1	1	50	1	none	8000000	fixed:10400000	10400000		25	stage-a-v1-no-unvalidated-margin	revision=stage-a-v1-no-unvalidated-margin;window=0.00000000000000000;recovery=0.00000000000000000;socket=0.00000000000000000;host=1.00000000000000000;nic=1.00000000000000000;control=none;waves=none	conditional	expected_rtt_unknown,rtt_variance_unknown,effective_socket_buffer_unknown,host_pps_capacity_unknown	2	2a0d28d2d3d0da78585aeff901a36a85-25	1	0	10742	10742	0	0	0.000	15.001	302.6	723.8	5372	15	0	0	0	11397	10742	14011	10733	1000	759	656	0	250	0	0	0	0	0	0	0	0	0	0	0	0	0	0	0	250	0	0	0	0	0	0	0
tokio	plain	listener	shared-pool:4	per-connection	all	on	on	8	retain	16777216	33554432	33554432	33554432	33554432	0-2	off									3					3	3	0-2	3-5	1	1	0	50	0	none	8000000	fixed:10400000	10400000		25	stage-a-v1-no-unvalidated-margin	revision=stage-a-v1-no-unvalidated-margin;window=0.00000000000000000;recovery=0.00000000000000000;socket=0.00000000000000000;host=1.00000000000000000;nic=1.00000000000000000;control=none;waves=none	conditional	expected_rtt_unknown,rtt_variance_unknown,effective_socket_buffer_unknown,host_pps_capacity_unknown,nic_capacity_unknown	2	2a0d28d2d3d0da78585aeff901a36a85-25	1	0	10742	10742	0	0	0.125	15.004	356.7	405.6	5676	15	0	0	0	0	0	0	0	1000	759	0	0	250	0	0	0	0	0	0	0	0	0	0	0	0	0	0	0	250	0	0	0	0	0	0	0
mio	plain	caller	shared-pool:4	per-connection	all	on	on	8	retain	16777216	33554432	33554432	33554432	33554432	3-5	off									3					3	3	0-2	3-5	1	1	1	50	1	none	8000000	fixed:10600000	10600000		25	stage-a-v1-no-unvalidated-margin	revision=stage-a-v1-no-unvalidated-margin;window=0.00000000000000000;recovery=0.00000000000000000;socket=0.00000000000000000;host=1.00000000000000000;nic=1.00000000000000000;control=none;waves=none	conditional	expected_rtt_unknown,rtt_variance_unknown,effective_socket_buffer_unknown,host_pps_capacity_unknown	2	2a0d28d2d3d0da78585aeff901a36a85-26	1	0	11398	11398	0	0	0.000	15.001	192.0	724.1	5204	15	0	0	0	11398	11398	238	206	1000	759	4	0	250	0	0	0	0	0	0	0	0	0	0	0	0	0	0	0	250	0	0	0	0	0	0	0
mio	plain	listener	shared-pool:4	per-connection	all	on	on	8	retain	16777216	33554432	33554432	33554432	33554432	0-2	off									3					3	3	0-2	3-5	1	1	0	50	0	none	8000000	fixed:10600000	10600000		25	stage-a-v1-no-unvalidated-margin	revision=stage-a-v1-no-unvalidated-margin;window=0.00000000000000000;recovery=0.00000000000000000;socket=0.00000000000000000;host=1.00000000000000000;nic=1.00000000000000000;control=none;waves=none	conditional	expected_rtt_unknown,rtt_variance_unknown,effective_socket_buffer_unknown,host_pps_capacity_unknown,nic_capacity_unknown	2	2a0d28d2d3d0da78585aeff901a36a85-26	1	0	11398	11398	0	0	0.081	15.003	268.3	447.7	5456	15	0	0	0	0	0	0	0	1000	759	0	0	250	0	0	0	0	0	0	0	0	0	0	0	0	0	0	0	250	0	0	0	0	0	0	0
tokio	plain	caller	shared-pool:4	per-connection	all	on	on	8	retain	16777216	33554432	33554432	33554432	33554432	3-5	off									3					3	3	0-2	3-5	1	1	1	50	1	none	8000000	fixed:10600000	10600000		25	stage-a-v1-no-unvalidated-margin	revision=stage-a-v1-no-unvalidated-margin;window=0.00000000000000000;recovery=0.00000000000000000;socket=0.00000000000000000;host=1.00000000000000000;nic=1.00000000000000000;control=none;waves=none	conditional	expected_rtt_unknown,rtt_variance_unknown,effective_socket_buffer_unknown,host_pps_capacity_unknown	2	2a0d28d2d3d0da78585aeff901a36a85-27	1	0	11211	11211	0	0	0.000	15.001	383.2	727.5	5376	15	0	0	1	11398	11211	15190	11208	1000	759	193	0	250	0	0	0	0	0	0	0	0	0	0	0	0	0	0	0	250	0	0	0	0	0	0	0
tokio	plain	listener	shared-pool:4	per-connection	all	on	on	8	retain	16777216	33554432	33554432	33554432	33554432	0-2	off									3					3	3	0-2	3-5	1	1	0	50	0	none	8000000	fixed:10600000	10600000		25	stage-a-v1-no-unvalidated-margin	revision=stage-a-v1-no-unvalidated-margin;window=0.00000000000000000;recovery=0.00000000000000000;socket=0.00000000000000000;host=1.00000000000000000;nic=1.00000000000000000;control=none;waves=none	conditional	expected_rtt_unknown,rtt_variance_unknown,effective_socket_buffer_unknown,host_pps_capacity_unknown,nic_capacity_unknown	2	2a0d28d2d3d0da78585aeff901a36a85-27	1	0	11211	11211	0	0	0.086	15.003	353.5	473.0	5624	15	0	0	1	0	0	0	0	1000	759	0	0	250	0	0	0	0	0	0	0	0	0	0	0	0	0	0	0	250	0	0	0	0	0	0	0
mio	plain	caller	shared-pool:4	per-connection	all	on	on	8	retain	16777216	33554432	33554432	33554432	33554432	3-5	off									3					3	3	0-2	3-5	1	1	1	50	1	none	8000000	fixed:10900000	10900000		25	stage-a-v1-no-unvalidated-margin	revision=stage-a-v1-no-unvalidated-margin;window=0.00000000000000000;recovery=0.00000000000000000;socket=0.00000000000000000;host=1.00000000000000000;nic=1.00000000000000000;control=none;waves=none	conditional	expected_rtt_unknown,rtt_variance_unknown,effective_socket_buffer_unknown,host_pps_capacity_unknown	2	2a0d28d2d3d0da78585aeff901a36a85-28	1	0	11398	11398	0	0	0.000	15.001	185.8	693.4	5160	15	0	0	0	11398	11398	279	228	1000	759	5	0	250	0	0	0	0	0	0	0	0	0	0	0	0	0	0	0	250	0	0	0	0	0	0	0
mio	plain	listener	shared-pool:4	per-connection	all	on	on	8	retain	16777216	33554432	33554432	33554432	33554432	0-2	off									3					3	3	0-2	3-5	1	1	0	50	0	none	8000000	fixed:10900000	10900000		25	stage-a-v1-no-unvalidated-margin	revision=stage-a-v1-no-unvalidated-margin;window=0.00000000000000000;recovery=0.00000000000000000;socket=0.00000000000000000;host=1.00000000000000000;nic=1.00000000000000000;control=none;waves=none	conditional	expected_rtt_unknown,rtt_variance_unknown,effective_socket_buffer_unknown,host_pps_capacity_unknown,nic_capacity_unknown	2	2a0d28d2d3d0da78585aeff901a36a85-28	1	0	11398	11398	0	0	0.087	15.003	231.9	447.1	5452	15	0	0	0	0	0	0	0	1000	759	0	0	250	0	0	0	0	0	0	0	0	0	0	0	0	0	0	0	250	0	0	0	0	0	0	0
tokio	plain	caller	shared-pool:4	per-connection	all	on	on	8	retain	16777216	33554432	33554432	33554432	33554432	3-5	off									3					3	3	0-2	3-5	1	1	1	50	1	none	8000000	fixed:10900000	10900000		25	stage-a-v1-no-unvalidated-margin	revision=stage-a-v1-no-unvalidated-margin;window=0.00000000000000000;recovery=0.00000000000000000;socket=0.00000000000000000;host=1.00000000000000000;nic=1.00000000000000000;control=none;waves=none	conditional	expected_rtt_unknown,rtt_variance_unknown,effective_socket_buffer_unknown,host_pps_capacity_unknown	2	2a0d28d2d3d0da78585aeff901a36a85-29	1	0	11347	11347	0	0	0.000	15.002	404.4	781.8	5512	15	0	0	0	11398	11347	15541	11192	1000	759	56	0	250	0	0	0	0	0	0	0	0	0	0	0	0	0	0	0	250	0	0	0	0	0	0	0
tokio	plain	listener	shared-pool:4	per-connection	all	on	on	8	retain	16777216	33554432	33554432	33554432	33554432	0-2	off									3					3	3	0-2	3-5	1	1	0	50	0	none	8000000	fixed:10900000	10900000		25	stage-a-v1-no-unvalidated-margin	revision=stage-a-v1-no-unvalidated-margin;window=0.00000000000000000;recovery=0.00000000000000000;socket=0.00000000000000000;host=1.00000000000000000;nic=1.00000000000000000;control=none;waves=none	conditional	expected_rtt_unknown,rtt_variance_unknown,effective_socket_buffer_unknown,host_pps_capacity_unknown,nic_capacity_unknown	2	2a0d28d2d3d0da78585aeff901a36a85-29	1	0	11347	11347	0	0	0.278	15.004	403.6	488.1	5584	15	0	0	0	0	0	0	0	1000	759	0	0	250	0	0	0	0	0	0	0	0	0	0	0	0	0	0	0	250	0	0	0	0	0	0	0
mio	plain	caller	shared-pool:4	per-connection	all	on	on	8	retain	16777216	33554432	33554432	33554432	33554432	3-5	off									3					3	3	0-2	3-5	1	1	1	50	1	none	8000000	fixed:100000000	100000000		25	stage-a-v1-no-unvalidated-margin	revision=stage-a-v1-no-unvalidated-margin;window=0.00000000000000000;recovery=0.00000000000000000;socket=0.00000000000000000;host=1.00000000000000000;nic=1.00000000000000000;control=none;waves=none	conditional	expected_rtt_unknown,rtt_variance_unknown,effective_socket_buffer_unknown,host_pps_capacity_unknown	2	2a0d28d2d3d0da78585aeff901a36a85-30	1	0	11398	11398	0	0	0.000	15.001	191.1	667.0	5252	15	0	0	0	11398	11398	11	10	1000	759	2	0	250	0	0	0	0	0	0	0	0	0	0	0	0	0	0	0	250	0	0	0	0	0	0	0
mio	plain	listener	shared-pool:4	per-connection	all	on	on	8	retain	16777216	33554432	33554432	33554432	33554432	0-2	off									3					3	3	0-2	3-5	1	1	0	50	0	none	8000000	fixed:100000000	100000000		25	stage-a-v1-no-unvalidated-margin	revision=stage-a-v1-no-unvalidated-margin;window=0.00000000000000000;recovery=0.00000000000000000;socket=0.00000000000000000;host=1.00000000000000000;nic=1.00000000000000000;control=none;waves=none	conditional	expected_rtt_unknown,rtt_variance_unknown,effective_socket_buffer_unknown,host_pps_capacity_unknown,nic_capacity_unknown	2	2a0d28d2d3d0da78585aeff901a36a85-30	1	0	11398	11398	0	0	0.209	15.003	246.1	426.8	5356	15	0	0	0	0	0	0	0	1000	759	0	0	250	0	0	0	0	0	0	0	0	0	0	0	0	0	0	0	250	0	0	0	0	0	0	0
tokio	plain	caller	shared-pool:4	per-connection	all	on	on	8	retain	16777216	33554432	33554432	33554432	33554432	3-5	off									3					3	3	0-2	3-5	1	1	1	50	1	none	8000000	fixed:100000000	100000000		25	stage-a-v1-no-unvalidated-margin	revision=stage-a-v1-no-unvalidated-margin;window=0.00000000000000000;recovery=0.00000000000000000;socket=0.00000000000000000;host=1.00000000000000000;nic=1.00000000000000000;control=none;waves=none	conditional	expected_rtt_unknown,rtt_variance_unknown,effective_socket_buffer_unknown,host_pps_capacity_unknown	2	2a0d28d2d3d0da78585aeff901a36a85-31	1	0	11398	11398	0	0	0.000	15.002	640.1	754.4	5440	15	0	0	0	11398	11398	6582	4524	1000	759	5	0	250	0	0	0	0	0	0	0	0	0	0	0	0	0	0	0	250	0	0	0	0	0	0	0
tokio	plain	listener	shared-pool:4	per-connection	all	on	on	8	retain	16777216	33554432	33554432	33554432	33554432	0-2	off									3					3	3	0-2	3-5	1	1	0	50	0	none	8000000	fixed:100000000	100000000		25	stage-a-v1-no-unvalidated-margin	revision=stage-a-v1-no-unvalidated-margin;window=0.00000000000000000;recovery=0.00000000000000000;socket=0.00000000000000000;host=1.00000000000000000;nic=1.00000000000000000;control=none;waves=none	conditional	expected_rtt_unknown,rtt_variance_unknown,effective_socket_buffer_unknown,host_pps_capacity_unknown,nic_capacity_unknown	2	2a0d28d2d3d0da78585aeff901a36a85-31	1	0	11398	11398	0	0	0.298	15.005	368.8	486.4	5620	15	0	0	0	0	0	0	0	1000	759	0	0	250	0	0	0	0	0	0	0	0	0	0	0	0	0	0	0	250	0	0	0	0	0	0	0
mio	plain	caller	shared-pool:4	per-connection	all	on	on	8	retain	16777216	33554432	33554432	33554432	33554432	3-5	off									3					3	3	0-2	3-5	1	1	1	50	1	none	8000000	input-relative:25		8000000	25	stage-a-v1-no-unvalidated-margin	revision=stage-a-v1-no-unvalidated-margin;window=0.00000000000000000;recovery=0.00000000000000000;socket=0.00000000000000000;host=1.00000000000000000;nic=1.00000000000000000;control=none;waves=none	conditional	expected_rtt_unknown,rtt_variance_unknown,effective_socket_buffer_unknown,host_pps_capacity_unknown	3	2a0d28d2d3d0da78585aeff901a36a85-32	1	0	11398	11398	0	0	0.000	15.001	227.0	947.7	5280	15	0	0	0	11398	11398	2314	2016	1000	759	21	0	250	0	0	0	0	0	0	0	0	0	0	0	0	0	0	0	250	0	0	0	0	0	0	0
mio	plain	listener	shared-pool:4	per-connection	all	on	on	8	retain	16777216	33554432	33554432	33554432	33554432	0-2	off									3					3	3	0-2	3-5	1	1	0	50	0	none	8000000	input-relative:25		8000000	25	stage-a-v1-no-unvalidated-margin	revision=stage-a-v1-no-unvalidated-margin;window=0.00000000000000000;recovery=0.00000000000000000;socket=0.00000000000000000;host=1.00000000000000000;nic=1.00000000000000000;control=none;waves=none	conditional	expected_rtt_unknown,rtt_variance_unknown,effective_socket_buffer_unknown,host_pps_capacity_unknown,nic_capacity_unknown	3	2a0d28d2d3d0da78585aeff901a36a85-32	1	0	11398	11398	0	0	0.198	15.003	265.3	667.4	5252	15	0	0	0	0	0	0	0	1000	759	0	0	250	0	0	0	0	0	0	0	0	0	0	0	0	0	0	0	250	0	0	0	0	0	0	0
tokio	plain	caller	shared-pool:4	per-connection	all	on	on	8	retain	16777216	33554432	33554432	33554432	33554432	3-5	off									3					3	3	0-2	3-5	1	1	1	50	1	none	8000000	input-relative:25		8000000	25	stage-a-v1-no-unvalidated-margin	revision=stage-a-v1-no-unvalidated-margin;window=0.00000000000000000;recovery=0.00000000000000000;socket=0.00000000000000000;host=1.00000000000000000;nic=1.00000000000000000;control=none;waves=none	conditional	expected_rtt_unknown,rtt_variance_unknown,effective_socket_buffer_unknown,host_pps_capacity_unknown	3	2a0d28d2d3d0da78585aeff901a36a85-33	1	0	9986	9986	0	0	0.000	15.001	361.9	835.9	5504	15	0	0	1	11399	9986	12518	9984	1000	759	759	655	250	0	0	0	0	0	0	0	0	0	0	0	0	0	0	0	250	0	0	0	0	0	0	0
tokio	plain	listener	shared-pool:4	per-connection	all	on	on	8	retain	16777216	33554432	33554432	33554432	33554432	0-2	off									3					3	3	0-2	3-5	1	1	0	50	0	none	8000000	input-relative:25		8000000	25	stage-a-v1-no-unvalidated-margin	revision=stage-a-v1-no-unvalidated-margin;window=0.00000000000000000;recovery=0.00000000000000000;socket=0.00000000000000000;host=1.00000000000000000;nic=1.00000000000000000;control=none;waves=none	conditional	expected_rtt_unknown,rtt_variance_unknown,effective_socket_buffer_unknown,host_pps_capacity_unknown,nic_capacity_unknown	3	2a0d28d2d3d0da78585aeff901a36a85-33	1	0	9986	9986	0	0	0.129	15.004	402.8	490.5	5596	15	0	0	1	0	0	0	0	1000	759	0	0	250	0	0	0	0	0	0	0	0	0	0	0	0	0	0	0	250	0	0	0	0	0	0	0
mio	plain	caller	shared-pool:4	per-connection	all	on	on	8	retain	16777216	33554432	33554432	33554432	33554432	3-5	off									3					3	3	0-2	3-5	1	1	1	50	1	none	8000000	input-relative:50		8000000	50	stage-a-v1-no-unvalidated-margin	revision=stage-a-v1-no-unvalidated-margin;window=0.00000000000000000;recovery=0.00000000000000000;socket=0.00000000000000000;host=1.00000000000000000;nic=1.00000000000000000;control=none;waves=none	conditional	expected_rtt_unknown,rtt_variance_unknown,effective_socket_buffer_unknown,host_pps_capacity_unknown	3	2a0d28d2d3d0da78585aeff901a36a85-34	1	0	11398	11398	0	0	0.000	15.001	213.6	723.4	5248	15	0	0	1	11398	11398	231	195	1000	759	2	0	250	0	0	0	0	0	0	0	0	0	0	0	0	0	0	0	250	0	0	0	0	0	0	0
mio	plain	listener	shared-pool:4	per-connection	all	on	on	8	retain	16777216	33554432	33554432	33554432	33554432	0-2	off									3					3	3	0-2	3-5	1	1	0	50	0	none	8000000	input-relative:50		8000000	50	stage-a-v1-no-unvalidated-margin	revision=stage-a-v1-no-unvalidated-margin;window=0.00000000000000000;recovery=0.00000000000000000;socket=0.00000000000000000;host=1.00000000000000000;nic=1.00000000000000000;control=none;waves=none	conditional	expected_rtt_unknown,rtt_variance_unknown,effective_socket_buffer_unknown,host_pps_capacity_unknown,nic_capacity_unknown	3	2a0d28d2d3d0da78585aeff901a36a85-34	1	0	11398	11398	0	0	0.098	15.003	281.1	444.1	5440	15	0	0	1	0	0	0	0	1000	759	0	0	250	0	0	0	0	0	0	0	0	0	0	0	0	0	0	0	250	0	0	0	0	0	0	0
tokio	plain	caller	shared-pool:4	per-connection	all	on	on	8	retain	16777216	33554432	33554432	33554432	33554432	3-5	off									3					3	3	0-2	3-5	1	1	1	50	1	none	8000000	input-relative:50		8000000	50	stage-a-v1-no-unvalidated-margin	revision=stage-a-v1-no-unvalidated-margin;window=0.00000000000000000;recovery=0.00000000000000000;socket=0.00000000000000000;host=1.00000000000000000;nic=1.00000000000000000;control=none;waves=none	conditional	expected_rtt_unknown,rtt_variance_unknown,effective_socket_buffer_unknown,host_pps_capacity_unknown	3	2a0d28d2d3d0da78585aeff901a36a85-35	1	0	10035	10035	0	0	0.000	15.001	354.6	678.6	5436	15	0	0	0	11397	10035	13858	10032	1000	759	759	604	250	0	0	0	0	0	0	0	0	0	0	0	0	0	0	0	250	0	0	0	0	0	0	0
tokio	plain	listener	shared-pool:4	per-connection	all	on	on	8	retain	16777216	33554432	33554432	33554432	33554432	0-2	off									3					3	3	0-2	3-5	1	1	0	50	0	none	8000000	input-relative:50		8000000	50	stage-a-v1-no-unvalidated-margin	revision=stage-a-v1-no-unvalidated-margin;window=0.00000000000000000;recovery=0.00000000000000000;socket=0.00000000000000000;host=1.00000000000000000;nic=1.00000000000000000;control=none;waves=none	conditional	expected_rtt_unknown,rtt_variance_unknown,effective_socket_buffer_unknown,host_pps_capacity_unknown,nic_capacity_unknown	3	2a0d28d2d3d0da78585aeff901a36a85-35	1	0	10035	10035	0	0	0.186	15.003	364.5	392.0	5616	15	0	0	0	0	0	0	0	1000	759	0	0	250	0	0	0	0	0	0	0	0	0	0	0	0	0	0	0	250	0	0	0	0	0	0	0
mio	plain	caller	shared-pool:4	per-connection	all	on	on	8	retain	16777216	33554432	33554432	33554432	33554432	3-5	off									3					3	3	0-2	3-5	1	1	1	50	1	none	8000000	input-relative:100		8000000	100	stage-a-v1-no-unvalidated-margin	revision=stage-a-v1-no-unvalidated-margin;window=0.00000000000000000;recovery=0.00000000000000000;socket=0.00000000000000000;host=1.00000000000000000;nic=1.00000000000000000;control=none;waves=none	conditional	expected_rtt_unknown,rtt_variance_unknown,effective_socket_buffer_unknown,host_pps_capacity_unknown	3	2a0d28d2d3d0da78585aeff901a36a85-36	1	0	11398	11398	0	0	0.000	15.001	221.0	756.5	5120	15	0	0	1	11398	11398	249	212	1000	759	4	0	250	0	0	0	0	0	0	0	0	0	0	0	0	0	0	0	250	0	0	0	0	0	0	0
mio	plain	listener	shared-pool:4	per-connection	all	on	on	8	retain	16777216	33554432	33554432	33554432	33554432	0-2	off									3					3	3	0-2	3-5	1	1	0	50	0	none	8000000	input-relative:100		8000000	100	stage-a-v1-no-unvalidated-margin	revision=stage-a-v1-no-unvalidated-margin;window=0.00000000000000000;recovery=0.00000000000000000;socket=0.00000000000000000;host=1.00000000000000000;nic=1.00000000000000000;control=none;waves=none	conditional	expected_rtt_unknown,rtt_variance_unknown,effective_socket_buffer_unknown,host_pps_capacity_unknown,nic_capacity_unknown	3	2a0d28d2d3d0da78585aeff901a36a85-36	1	0	11398	11398	0	0	0.144	15.003	273.6	487.1	5216	15	0	0	1	0	0	0	0	1000	759	0	0	250	0	0	0	0	0	0	0	0	0	0	0	0	0	0	0	250	0	0	0	0	0	0	0
tokio	plain	caller	shared-pool:4	per-connection	all	on	on	8	retain	16777216	33554432	33554432	33554432	33554432	3-5	off									3					3	3	0-2	3-5	1	1	1	50	1	none	8000000	input-relative:100		8000000	100	stage-a-v1-no-unvalidated-margin	revision=stage-a-v1-no-unvalidated-margin;window=0.00000000000000000;recovery=0.00000000000000000;socket=0.00000000000000000;host=1.00000000000000000;nic=1.00000000000000000;control=none;waves=none	conditional	expected_rtt_unknown,rtt_variance_unknown,effective_socket_buffer_unknown,host_pps_capacity_unknown	3	2a0d28d2d3d0da78585aeff901a36a85-37	1	0	11047	11047	0	0	0.000	15.001	363.1	672.4	5492	15	0	0	0	11397	11047	16549	11041	1000	759	353	0	250	0	0	0	0	0	0	0	0	0	0	0	0	0	0	0	250	0	0	0	0	0	0	0
tokio	plain	listener	shared-pool:4	per-connection	all	on	on	8	retain	16777216	33554432	33554432	33554432	33554432	0-2	off									3					3	3	0-2	3-5	1	1	0	50	0	none	8000000	input-relative:100		8000000	100	stage-a-v1-no-unvalidated-margin	revision=stage-a-v1-no-unvalidated-margin;window=0.00000000000000000;recovery=0.00000000000000000;socket=0.00000000000000000;host=1.00000000000000000;nic=1.00000000000000000;control=none;waves=none	conditional	expected_rtt_unknown,rtt_variance_unknown,effective_socket_buffer_unknown,host_pps_capacity_unknown,nic_capacity_unknown	3	2a0d28d2d3d0da78585aeff901a36a85-37	1	0	11047	11047	0	0	0.134	15.003	330.6	429.9	5368	15	0	0	0	0	0	0	0	1000	759	0	0	250	0	0	0	0	0	0	0	0	0	0	0	0	0	0	0	250	0	0	0	0	0	0	0
mio	plain	caller	shared-pool:4	per-connection	all	on	on	8	retain	16777216	33554432	33554432	33554432	33554432	3-5	off									3					3	3	0-2	3-5	1	1	1	50	1	none	8000000	fixed:10200000	10200000		25	stage-a-v1-no-unvalidated-margin	revision=stage-a-v1-no-unvalidated-margin;window=0.00000000000000000;recovery=0.00000000000000000;socket=0.00000000000000000;host=1.00000000000000000;nic=1.00000000000000000;control=none;waves=none	conditional	expected_rtt_unknown,rtt_variance_unknown,effective_socket_buffer_unknown,host_pps_capacity_unknown	3	2a0d28d2d3d0da78585aeff901a36a85-38	1	0	11398	11398	0	0	0.000	15.001	237.8	762.0	5164	15	0	0	2	11398	11398	662	552	1000	759	5	0	250	0	0	0	0	0	0	0	0	0	0	0	0	0	0	0	250	0	0	0	0	0	0	0
mio	plain	listener	shared-pool:4	per-connection	all	on	on	8	retain	16777216	33554432	33554432	33554432	33554432	0-2	off									3					3	3	0-2	3-5	1	1	0	50	0	none	8000000	fixed:10200000	10200000		25	stage-a-v1-no-unvalidated-margin	revision=stage-a-v1-no-unvalidated-margin;window=0.00000000000000000;recovery=0.00000000000000000;socket=0.00000000000000000;host=1.00000000000000000;nic=1.00000000000000000;control=none;waves=none	conditional	expected_rtt_unknown,rtt_variance_unknown,effective_socket_buffer_unknown,host_pps_capacity_unknown,nic_capacity_unknown	3	2a0d28d2d3d0da78585aeff901a36a85-38	1	0	11398	11398	0	0	0.095	15.004	264.7	512.9	5372	15	0	0	2	0	0	0	0	1000	759	0	0	250	0	0	0	0	0	0	0	0	0	0	0	0	0	0	0	250	0	0	0	0	0	0	0
tokio	plain	caller	shared-pool:4	per-connection	all	on	on	8	retain	16777216	33554432	33554432	33554432	33554432	3-5	off									3					3	3	0-2	3-5	1	1	1	50	1	none	8000000	fixed:10200000	10200000		25	stage-a-v1-no-unvalidated-margin	revision=stage-a-v1-no-unvalidated-margin;window=0.00000000000000000;recovery=0.00000000000000000;socket=0.00000000000000000;host=1.00000000000000000;nic=1.00000000000000000;control=none;waves=none	conditional	expected_rtt_unknown,rtt_variance_unknown,effective_socket_buffer_unknown,host_pps_capacity_unknown	3	2a0d28d2d3d0da78585aeff901a36a85-39	1	0	10604	10604	0	0	0.000	15.001	384.9	699.1	5396	15	0	0	0	11397	10604	13610	10596	1000	759	759	35	250	0	0	0	0	0	0	0	0	0	0	0	0	0	0	0	250	0	0	0	0	0	0	0
tokio	plain	listener	shared-pool:4	per-connection	all	on	on	8	retain	16777216	33554432	33554432	33554432	33554432	0-2	off									3					3	3	0-2	3-5	1	1	0	50	0	none	8000000	fixed:10200000	10200000		25	stage-a-v1-no-unvalidated-margin	revision=stage-a-v1-no-unvalidated-margin;window=0.00000000000000000;recovery=0.00000000000000000;socket=0.00000000000000000;host=1.00000000000000000;nic=1.00000000000000000;control=none;waves=none	conditional	expected_rtt_unknown,rtt_variance_unknown,effective_socket_buffer_unknown,host_pps_capacity_unknown,nic_capacity_unknown	3	2a0d28d2d3d0da78585aeff901a36a85-39	1	0	10604	10604	0	0	0.143	15.003	363.6	449.1	5480	15	0	0	0	0	0	0	0	1000	759	0	0	250	0	0	0	0	0	0	0	0	0	0	0	0	0	0	0	250	0	0	0	0	0	0	0
mio	plain	caller	shared-pool:4	per-connection	all	on	on	8	retain	16777216	33554432	33554432	33554432	33554432	3-5	off									3					3	3	0-2	3-5	1	1	1	50	1	none	8000000	fixed:10400000	10400000		25	stage-a-v1-no-unvalidated-margin	revision=stage-a-v1-no-unvalidated-margin;window=0.00000000000000000;recovery=0.00000000000000000;socket=0.00000000000000000;host=1.00000000000000000;nic=1.00000000000000000;control=none;waves=none	conditional	expected_rtt_unknown,rtt_variance_unknown,effective_socket_buffer_unknown,host_pps_capacity_unknown	3	2a0d28d2d3d0da78585aeff901a36a85-40	1	0	11398	11398	0	0	0.000	15.001	240.5	1181.3	5184	15	0	0	0	11398	11398	2093	1819	1000	759	52	0	250	0	0	0	0	0	0	0	0	0	0	0	0	0	0	0	250	0	0	0	0	0	0	0
mio	plain	listener	shared-pool:4	per-connection	all	on	on	8	retain	16777216	33554432	33554432	33554432	33554432	0-2	off									3					3	3	0-2	3-5	1	1	0	50	0	none	8000000	fixed:10400000	10400000		25	stage-a-v1-no-unvalidated-margin	revision=stage-a-v1-no-unvalidated-margin;window=0.00000000000000000;recovery=0.00000000000000000;socket=0.00000000000000000;host=1.00000000000000000;nic=1.00000000000000000;control=none;waves=none	conditional	expected_rtt_unknown,rtt_variance_unknown,effective_socket_buffer_unknown,host_pps_capacity_unknown,nic_capacity_unknown	3	2a0d28d2d3d0da78585aeff901a36a85-40	1	0	11398	11398	0	0	0.153	15.004	317.8	825.0	5440	15	0	0	0	0	0	0	0	1000	759	0	0	250	0	0	0	0	0	0	0	0	0	0	0	0	0	0	0	250	0	0	0	0	0	0	0
tokio	plain	caller	shared-pool:4	per-connection	all	on	on	8	retain	16777216	33554432	33554432	33554432	33554432	3-5	off									3					3	3	0-2	3-5	1	1	1	50	1	none	8000000	fixed:10400000	10400000		25	stage-a-v1-no-unvalidated-margin	revision=stage-a-v1-no-unvalidated-margin;window=0.00000000000000000;recovery=0.00000000000000000;socket=0.00000000000000000;host=1.00000000000000000;nic=1.00000000000000000;control=none;waves=none	conditional	expected_rtt_unknown,rtt_variance_unknown,effective_socket_buffer_unknown,host_pps_capacity_unknown	3	2a0d28d2d3d0da78585aeff901a36a85-41	1	0	10691	10691	0	0	0.000	15.001	394.7	732.3	5400	15	0	0	0	11398	10691	13833	10681	1000	759	708	0	250	0	0	0	0	0	0	0	0	0	0	0	0	0	0	0	250	0	0	0	0	0	0	0
tokio	plain	listener	shared-pool:4	per-connection	all	on	on	8	retain	16777216	33554432	33554432	33554432	33554432	0-2	off									3					3	3	0-2	3-5	1	1	0	50	0	none	8000000	fixed:10400000	10400000		25	stage-a-v1-no-unvalidated-margin	revision=stage-a-v1-no-unvalidated-margin;window=0.00000000000000000;recovery=0.00000000000000000;socket=0.00000000000000000;host=1.00000000000000000;nic=1.00000000000000000;control=none;waves=none	conditional	expected_rtt_unknown,rtt_variance_unknown,effective_socket_buffer_unknown,host_pps_capacity_unknown,nic_capacity_unknown	3	2a0d28d2d3d0da78585aeff901a36a85-41	1	0	10691	10691	0	0	0.139	15.004	369.0	467.2	5384	15	0	0	0	0	0	0	0	1000	759	0	0	250	0	0	0	0	0	0	0	0	0	0	0	0	0	0	0	250	0	0	0	0	0	0	0
mio	plain	caller	shared-pool:4	per-connection	all	on	on	8	retain	16777216	33554432	33554432	33554432	33554432	3-5	off									3					3	3	0-2	3-5	1	1	1	50	1	none	8000000	fixed:10600000	10600000		25	stage-a-v1-no-unvalidated-margin	revision=stage-a-v1-no-unvalidated-margin;window=0.00000000000000000;recovery=0.00000000000000000;socket=0.00000000000000000;host=1.00000000000000000;nic=1.00000000000000000;control=none;waves=none	conditional	expected_rtt_unknown,rtt_variance_unknown,effective_socket_buffer_unknown,host_pps_capacity_unknown	3	2a0d28d2d3d0da78585aeff901a36a85-42	1	0	11398	11398	0	0	0.000	15.000	232.8	721.8	5204	15	0	0	0	11398	11398	256	222	1000	759	2	0	250	0	0	0	0	0	0	0	0	0	0	0	0	0	0	0	250	0	0	0	0	0	0	0
mio	plain	listener	shared-pool:4	per-connection	all	on	on	8	retain	16777216	33554432	33554432	33554432	33554432	0-2	off									3					3	3	0-2	3-5	1	1	0	50	0	none	8000000	fixed:10600000	10600000		25	stage-a-v1-no-unvalidated-margin	revision=stage-a-v1-no-unvalidated-margin;window=0.00000000000000000;recovery=0.00000000000000000;socket=0.00000000000000000;host=1.00000000000000000;nic=1.00000000000000000;control=none;waves=none	conditional	expected_rtt_unknown,rtt_variance_unknown,effective_socket_buffer_unknown,host_pps_capacity_unknown,nic_capacity_unknown	3	2a0d28d2d3d0da78585aeff901a36a85-42	1	0	11398	11398	0	0	0.164	15.003	267.9	468.4	5360	15	0	0	0	0	0	0	0	1000	759	0	0	250	0	0	0	0	0	0	0	0	0	0	0	0	0	0	0	250	0	0	0	0	0	0	0
tokio	plain	caller	shared-pool:4	per-connection	all	on	on	8	retain	16777216	33554432	33554432	33554432	33554432	3-5	off									3					3	3	0-2	3-5	1	1	1	50	1	none	8000000	fixed:10600000	10600000		25	stage-a-v1-no-unvalidated-margin	revision=stage-a-v1-no-unvalidated-margin;window=0.00000000000000000;recovery=0.00000000000000000;socket=0.00000000000000000;host=1.00000000000000000;nic=1.00000000000000000;control=none;waves=none	conditional	expected_rtt_unknown,rtt_variance_unknown,effective_socket_buffer_unknown,host_pps_capacity_unknown	3	2a0d28d2d3d0da78585aeff901a36a85-43	1	0	11330	11330	0	0	0.000	15.001	444.1	653.1	5236	15	0	0	0	11398	11330	14815	11137	1000	759	69	0	250	0	0	0	0	0	0	0	0	0	0	0	0	0	0	0	250	0	0	0	0	0	0	0
tokio	plain	listener	shared-pool:4	per-connection	all	on	on	8	retain	16777216	33554432	33554432	33554432	33554432	0-2	off									3					3	3	0-2	3-5	1	1	0	50	0	none	8000000	fixed:10600000	10600000		25	stage-a-v1-no-unvalidated-margin	revision=stage-a-v1-no-unvalidated-margin;window=0.00000000000000000;recovery=0.00000000000000000;socket=0.00000000000000000;host=1.00000000000000000;nic=1.00000000000000000;control=none;waves=none	conditional	expected_rtt_unknown,rtt_variance_unknown,effective_socket_buffer_unknown,host_pps_capacity_unknown,nic_capacity_unknown	3	2a0d28d2d3d0da78585aeff901a36a85-43	1	0	11330	11330	0	0	0.065	15.002	352.5	448.2	5556	15	0	0	0	0	0	0	0	1000	759	0	0	250	0	0	0	0	0	0	0	0	0	0	0	0	0	0	0	250	0	0	0	0	0	0	0
mio	plain	caller	shared-pool:4	per-connection	all	on	on	8	retain	16777216	33554432	33554432	33554432	33554432	3-5	off									3					3	3	0-2	3-5	1	1	1	50	1	none	8000000	fixed:10900000	10900000		25	stage-a-v1-no-unvalidated-margin	revision=stage-a-v1-no-unvalidated-margin;window=0.00000000000000000;recovery=0.00000000000000000;socket=0.00000000000000000;host=1.00000000000000000;nic=1.00000000000000000;control=none;waves=none	conditional	expected_rtt_unknown,rtt_variance_unknown,effective_socket_buffer_unknown,host_pps_capacity_unknown	3	2a0d28d2d3d0da78585aeff901a36a85-44	1	0	11398	11398	0	0	0.000	15.001	197.9	858.7	5020	15	0	0	0	11398	11398	542	466	1000	759	9	0	250	0	0	0	0	0	0	0	0	0	0	0	0	0	0	0	250	0	0	0	0	0	0	0
mio	plain	listener	shared-pool:4	per-connection	all	on	on	8	retain	16777216	33554432	33554432	33554432	33554432	0-2	off									3					3	3	0-2	3-5	1	1	0	50	0	none	8000000	fixed:10900000	10900000		25	stage-a-v1-no-unvalidated-margin	revision=stage-a-v1-no-unvalidated-margin;window=0.00000000000000000;recovery=0.00000000000000000;socket=0.00000000000000000;host=1.00000000000000000;nic=1.00000000000000000;control=none;waves=none	conditional	expected_rtt_unknown,rtt_variance_unknown,effective_socket_buffer_unknown,host_pps_capacity_unknown,nic_capacity_unknown	3	2a0d28d2d3d0da78585aeff901a36a85-44	1	0	11398	11398	0	0	0.157	15.003	298.7	533.8	5332	15	0	0	0	0	0	0	0	1000	759	0	0	250	0	0	0	0	0	0	0	0	0	0	0	0	0	0	0	250	0	0	0	0	0	0	0
tokio	plain	caller	shared-pool:4	per-connection	all	on	on	8	retain	16777216	33554432	33554432	33554432	33554432	3-5	off									3					3	3	0-2	3-5	1	1	1	50	1	none	8000000	fixed:10900000	10900000		25	stage-a-v1-no-unvalidated-margin	revision=stage-a-v1-no-unvalidated-margin;window=0.00000000000000000;recovery=0.00000000000000000;socket=0.00000000000000000;host=1.00000000000000000;nic=1.00000000000000000;control=none;waves=none	conditional	expected_rtt_unknown,rtt_variance_unknown,effective_socket_buffer_unknown,host_pps_capacity_unknown	3	2a0d28d2d3d0da78585aeff901a36a85-45	1	0	11386	11386	0	0	0.000	15.001	369.3	670.4	5404	15	0	0	1	11398	11386	15804	11225	1000	759	26	0	250	0	0	0	0	0	0	0	0	0	0	0	0	0	0	0	250	0	0	0	0	0	0	0
tokio	plain	listener	shared-pool:4	per-connection	all	on	on	8	retain	16777216	33554432	33554432	33554432	33554432	0-2	off									3					3	3	0-2	3-5	1	1	0	50	0	none	8000000	fixed:10900000	10900000		25	stage-a-v1-no-unvalidated-margin	revision=stage-a-v1-no-unvalidated-margin;window=0.00000000000000000;recovery=0.00000000000000000;socket=0.00000000000000000;host=1.00000000000000000;nic=1.00000000000000000;control=none;waves=none	conditional	expected_rtt_unknown,rtt_variance_unknown,effective_socket_buffer_unknown,host_pps_capacity_unknown,nic_capacity_unknown	3	2a0d28d2d3d0da78585aeff901a36a85-45	1	0	11386	11386	0	0	0.092	15.003	372.6	408.0	5436	15	0	0	1	0	0	0	0	1000	759	0	0	250	0	0	0	0	0	0	0	0	0	0	0	0	0	0	0	250	0	0	0	0	0	0	0
mio	plain	caller	shared-pool:4	per-connection	all	on	on	8	retain	16777216	33554432	33554432	33554432	33554432	3-5	off									3					3	3	0-2	3-5	1	1	1	50	1	none	8000000	fixed:100000000	100000000		25	stage-a-v1-no-unvalidated-margin	revision=stage-a-v1-no-unvalidated-margin;window=0.00000000000000000;recovery=0.00000000000000000;socket=0.00000000000000000;host=1.00000000000000000;nic=1.00000000000000000;control=none;waves=none	conditional	expected_rtt_unknown,rtt_variance_unknown,effective_socket_buffer_unknown,host_pps_capacity_unknown	3	2a0d28d2d3d0da78585aeff901a36a85-46	1	0	11398	11398	0	0	0.000	15.001	200.0	719.2	5180	15	0	0	0	11398	11398	34	33	1000	759	3	0	250	0	0	0	0	0	0	0	0	0	0	0	0	0	0	0	250	0	0	0	0	0	0	0
mio	plain	listener	shared-pool:4	per-connection	all	on	on	8	retain	16777216	33554432	33554432	33554432	33554432	0-2	off									3					3	3	0-2	3-5	1	1	0	50	0	none	8000000	fixed:100000000	100000000		25	stage-a-v1-no-unvalidated-margin	revision=stage-a-v1-no-unvalidated-margin;window=0.00000000000000000;recovery=0.00000000000000000;socket=0.00000000000000000;host=1.00000000000000000;nic=1.00000000000000000;control=none;waves=none	conditional	expected_rtt_unknown,rtt_variance_unknown,effective_socket_buffer_unknown,host_pps_capacity_unknown,nic_capacity_unknown	3	2a0d28d2d3d0da78585aeff901a36a85-46	1	0	11398	11398	0	0	0.162	15.002	264.3	448.4	5284	15	0	0	0	0	0	0	0	1000	759	0	0	250	0	0	0	0	0	0	0	0	0	0	0	0	0	0	0	250	0	0	0	0	0	0	0
tokio	plain	caller	shared-pool:4	per-connection	all	on	on	8	retain	16777216	33554432	33554432	33554432	33554432	3-5	off									3					3	3	0-2	3-5	1	1	1	50	1	none	8000000	fixed:100000000	100000000		25	stage-a-v1-no-unvalidated-margin	revision=stage-a-v1-no-unvalidated-margin;window=0.00000000000000000;recovery=0.00000000000000000;socket=0.00000000000000000;host=1.00000000000000000;nic=1.00000000000000000;control=none;waves=none	conditional	expected_rtt_unknown,rtt_variance_unknown,effective_socket_buffer_unknown,host_pps_capacity_unknown	3	2a0d28d2d3d0da78585aeff901a36a85-47	1	0	11398	11398	0	0	0.000	15.001	671.3	763.0	5404	15	0	0	0	11398	11398	7105	4801	1000	759	7	0	250	0	0	0	0	0	0	0	0	0	0	0	0	0	0	0	250	0	0	0	0	0	0	0
tokio	plain	listener	shared-pool:4	per-connection	all	on	on	8	retain	16777216	33554432	33554432	33554432	33554432	0-2	off									3					3	3	0-2	3-5	1	1	0	50	0	none	8000000	fixed:100000000	100000000		25	stage-a-v1-no-unvalidated-margin	revision=stage-a-v1-no-unvalidated-margin;window=0.00000000000000000;recovery=0.00000000000000000;socket=0.00000000000000000;host=1.00000000000000000;nic=1.00000000000000000;control=none;waves=none	conditional	expected_rtt_unknown,rtt_variance_unknown,effective_socket_buffer_unknown,host_pps_capacity_unknown,nic_capacity_unknown	3	2a0d28d2d3d0da78585aeff901a36a85-47	1	0	11398	11398	0	0	0.115	15.003	397.1	499.7	5352	15	0	0	0	0	0	0	0	1000	759	0	0	250	0	0	0	0	0	0	0	0	0	0	0	0	0	0	0	250	0	0	0	0	0	0	0
