runtime	role	ingress	promotion	cookie	batch	sock_buf	conns	connect_cc	bond	bitrate	rep	established	pkt_sent	core_total	sec_a	sec_b	rtt_ms	elapsed_s	cpu_user_ms	cpu_sys_ms	peak_rss_kb
mio	caller	reuseport-multi:4	all	on	on	16777216	512	50	broadcast:64	600000	1	507	430609	430609	43	0	0.000	15.253	2494.1	12747.2	9856
mio	listener	reuseport-multi:4	all	on	on	16777216	512	50	broadcast:64	600000	1	507	1029589	430609	43	0	27.554	17.004	6692.3	11770.4	13052
mio	caller	reuseport-multi:4	all	on	on	16777216	512	50	broadcast:64	600000	2	512	602878	602878	38	0	0.000	21.188	3567.2	17535.2	36072
mio	listener	reuseport-multi:4	all	on	on	16777216	512	50	broadcast:64	600000	2	512	1001091	513600	38	0	85.742	26.840	8091.5	16467.7	29828
mio	caller	reuseport-multi:4	all	on	on	16777216	512	50	broadcast:64	600000	3	512	347032	347032	42	0	0.000	12.335	1911.2	10389.7	29556
mio	listener	reuseport-multi:4	all	on	on	16777216	512	50	broadcast:64	600000	3	512	621983	346482	42	0	49.022	17.961	5767.1	12482.1	26964
mio	caller	reuseport-multi:4	all	on	on	16777216	512	50	broadcast:64	600000	4	512	373929	373929	82	0	0.000	13.307	2155.8	11124.8	21888
mio	listener	reuseport-multi:4	all	on	on	16777216	512	50	broadcast:64	600000	4	512	767251	373929	82	4	29.982	18.976	5965.5	11055.2	18432
mio	caller	reuseport-multi:4	all	on	on	16777216	512	50	broadcast:64	600000	5	512	331413	331413	38	0	0.000	11.708	1683.0	10007.4	21928
mio	listener	reuseport-multi:4	all	on	on	16777216	512	50	broadcast:64	600000	5	512	644711	331413	38	0	85.930	17.329	5374.9	10675.7	22912
mio	caller	reuseport-multi:4	all	on	on	16777216	512	50	broadcast:64	600000	6	512	325805	325805	48	0	0.000	11.572	1789.1	9757.9	17388
mio	listener	reuseport-multi:4	all	on	on	16777216	512	50	broadcast:64	600000	6	512	705905	325772	48	0	26.788	17.248	5166.1	9599.7	19000
mio	caller	reuseport-multi:4	all	on	on	16777216	512	50	broadcast:64	600000	7	512	380489	380489	30	0	0.000	13.405	2012.0	11384.4	13132
mio	listener	reuseport-multi:4	all	on	on	16777216	512	50	broadcast:64	600000	7	512	850238	380489	30	0	25.273	19.093	6043.6	10597.7	16236
tokio	caller	reuseport-multi:4	all	on	on	16777216	512	50	broadcast:64	600000	1	512	285480	285480	178	0	0.000	11.252	2431.3	7913.0	17740
tokio	listener	reuseport-multi:4	all	on	on	16777216	512	50	broadcast:64	600000	1	512	510992	285480	178	0	19.567	16.952	5047.6	7818.4	19004
tokio	caller	reuseport-multi:4	all	on	on	16777216	512	50	broadcast:64	600000	2	512	285558	285558	694	0	0.000	10.099	2447.3	7522.1	18072
tokio	listener	reuseport-multi:4	all	on	on	16777216	512	50	broadcast:64	600000	2	512	499707	285558	694	0	21.631	15.835	5544.0	7836.7	19072
tokio	caller	reuseport-multi:4	all	on	on	16777216	512	50	broadcast:64	600000	3	512	285678	285678	543	0	0.000	11.235	2475.8	7711.8	18852
tokio	listener	reuseport-multi:4	all	on	on	16777216	512	50	broadcast:64	600000	3	512	544423	285678	543	7	17.987	16.939	5597.6	7443.8	20984
tokio	caller	reuseport-multi:4	all	on	on	16777216	512	50	broadcast:64	600000	4	512	286221	286221	521	0	0.000	11.178	2393.1	7848.9	13700
tokio	listener	reuseport-multi:4	all	on	on	16777216	512	50	broadcast:64	600000	4	512	508103	286221	521	33	45.546	16.882	5580.7	7801.0	16480
tokio	caller	reuseport-multi:4	all	on	on	16777216	512	50	broadcast:64	600000	5	512	286218	286218	546	0	0.000	10.097	2480.6	7568.6	13604
tokio	listener	reuseport-multi:4	all	on	on	16777216	512	50	broadcast:64	600000	5	512	517434	286218	546	0	25.616	15.807	5271.9	7532.3	17664
tokio	caller	reuseport-multi:4	all	on	on	16777216	512	50	broadcast:64	600000	6	512	285400	285400	652	0	0.000	11.213	2400.1	7856.0	15816
tokio	listener	reuseport-multi:4	all	on	on	16777216	512	50	broadcast:64	600000	6	512	510891	285400	652	0	17.829	16.914	5208.1	7709.9	18944
tokio	caller	reuseport-multi:4	all	on	on	16777216	512	50	broadcast:64	600000	7	512	285787	285787	391	0	0.000	11.291	2184.7	8158.5	19524
tokio	listener	reuseport-multi:4	all	on	on	16777216	512	50	broadcast:64	600000	7	512	476383	285787	391	33	28.460	16.964	5397.8	8225.3	19896
smol	caller	reuseport-multi:4	all	on	on	16777216	512	50	broadcast:64	600000	1	512	285683	285683	521	0	0.000	10.530	2990.1	8863.2	13312
smol	listener	reuseport-multi:4	all	on	on	16777216	512	50	broadcast:64	600000	1	512	281895	285683	521	0	5.646	16.242	7090.2	14470.9	18432
smol	caller	reuseport-multi:4	all	on	on	16777216	512	50	broadcast:64	600000	2	512	285501	285501	382	0	0.000	10.479	3117.8	9063.1	11500
smol	listener	reuseport-multi:4	all	on	on	16777216	512	50	broadcast:64	600000	2	512	281697	285501	382	0	7.024	16.170	7261.5	14434.1	16372
smol	caller	reuseport-multi:4	all	on	on	16777216	512	50	broadcast:64	600000	3	511	285140	285140	332	0	0.000	15.012	2744.4	9795.6	11916
smol	listener	reuseport-multi:4	all	on	on	16777216	512	50	broadcast:64	600000	3	511	281889	285140	332	15	10.755	16.234	7159.5	15535.9	15744
smol	caller	reuseport-multi:4	all	on	on	16777216	512	50	broadcast:64	600000	4	512	285690	285690	642	0	0.000	10.478	2896.5	8551.3	11136
smol	listener	reuseport-multi:4	all	on	on	16777216	512	50	broadcast:64	600000	4	512	281832	285690	642	14	5.565	16.170	7440.8	14828.9	16640
smol	caller	reuseport-multi:4	all	on	on	16777216	512	50	broadcast:64	600000	5	512	291969	291969	451	0	0.000	10.466	2967.0	8842.0	12672
smol	listener	reuseport-multi:4	all	on	on	16777216	512	50	broadcast:64	600000	5	512	279966	291969	451	0	47.838	16.030	7398.3	14833.6	28800
smol	caller	reuseport-multi:4	all	on	on	16777216	512	50	broadcast:64	600000	6	512	285423	285423	660	0	0.000	10.498	3158.1	9272.8	14180
smol	listener	reuseport-multi:4	all	on	on	16777216	512	50	broadcast:64	600000	6	512	281706	285423	660	0	2.804	16.200	7493.4	15026.0	19200
smol	caller	reuseport-multi:4	all	on	on	16777216	512	50	broadcast:64	600000	7	512	285494	285494	169	0	0.000	10.448	3012.7	9137.8	24880
smol	listener	reuseport-multi:4	all	on	on	16777216	512	50	broadcast:64	600000	7	512	281708	285494	169	14	5.805	16.155	7301.6	14397.8	28288
monoio	caller	reuseport-multi:4	all	on	on	16777216	512	50	broadcast:64	600000	1	480	267475	267475	507	0	0.000	15.007	2609.5	7580.2	25484
monoio	listener	reuseport-multi:4	all	on	on	16777216	512	50	broadcast:64	600000	1	512	264905	267475	507	2	243.606	15.818	5185.7	9323.2	16508
monoio	caller	reuseport-multi:4	all	on	on	16777216	512	50	broadcast:64	600000	2	512	288792	288792	994	0	0.000	10.225	2748.5	7455.4	75304
monoio	listener	reuseport-multi:4	all	on	on	16777216	512	50	broadcast:64	600000	2	512	282694	288730	1056	52	306.792	15.840	5550.5	10679.0	22384
monoio	caller	reuseport-multi:4	all	on	on	16777216	512	50	broadcast:64	600000	3	472	263242	263242	682	0	0.000	15.022	2841.0	7398.5	27432
monoio	listener	reuseport-multi:4	all	on	on	16777216	512	50	broadcast:64	600000	3	512	260612	263242	682	0	244.367	15.909	5371.9	9594.6	22144
monoio	caller	reuseport-multi:4	all	on	on	16777216	512	50	broadcast:64	600000	4	512	287101	287101	1275	0	0.000	10.200	3144.8	7031.1	143836
monoio	listener	reuseport-multi:4	all	on	on	16777216	512	50	broadcast:64	600000	4	512	265249	286892	1431	2	265.179	15.890	6695.2	11073.5	64108
monoio	caller	reuseport-multi:4	all	on	on	16777216	512	50	broadcast:64	600000	5	512	286976	286976	640	0	0.000	10.179	3011.8	7143.3	143928
monoio	listener	reuseport-multi:4	all	on	on	16777216	512	50	broadcast:64	600000	5	512	242210	286518	1098	0	311.633	15.800	6534.8	11096.2	82084
monoio	caller	reuseport-multi:4	all	on	on	16777216	512	50	broadcast:64	600000	6	486	292129	292129	479	0	0.000	15.017	2989.8	7905.6	82580
monoio	listener	reuseport-multi:4	all	on	on	16777216	512	50	broadcast:64	600000	6	512	282245	291931	677	0	272.014	15.831	6689.0	12436.8	27036
monoio	caller	reuseport-multi:4	all	on	on	16777216	512	50	broadcast:64	600000	7	512	286734	286734	818	0	0.000	10.145	2992.7	7143.1	119772
monoio	listener	reuseport-multi:4	all	on	on	16777216	512	50	broadcast:64	600000	7	512	274909	286662	882	10	334.800	15.804	5431.7	9728.0	40128
glommio	caller	reuseport-multi:4	all	on	on	16777216	512	50	broadcast:64	600000	1	510	285578	285578	279	0	0.000	15.004	3508.5	6776.8	143872
glommio	listener	reuseport-multi:4	all	on	on	16777216	512	50	broadcast:64	600000	1	510	199230	284888	438	5	23.273	16.181	9676.7	22618.8	147072
glommio	caller	reuseport-multi:4	all	on	on	16777216	512	50	broadcast:64	600000	2	510	285656	285656	246	0	0.000	15.019	3119.4	7085.1	108036
glommio	listener	reuseport-multi:4	all	on	on	16777216	512	50	broadcast:64	600000	2	510	224359	285084	367	16	24.374	16.145	8694.2	22622.5	110720
glommio	caller	reuseport-multi:4	all	on	on	16777216	512	50	broadcast:64	600000	3	508	283996	283996	741	0	0.000	15.014	2744.8	7894.2	70700
glommio	listener	reuseport-multi:4	all	on	on	16777216	512	50	broadcast:64	600000	3	508	249045	283754	769	14	18.273	16.212	8259.1	29266.8	73792
glommio	caller	reuseport-multi:4	all	on	on	16777216	512	50	broadcast:64	600000	4	508	283450	283450	624	0	0.000	15.018	2942.2	7453.2	43392
glommio	listener	reuseport-multi:4	all	on	on	16777216	512	50	broadcast:64	600000	4	508	265587	283401	673	27	14.902	16.100	7946.6	23171.5	44264
glommio	caller	reuseport-multi:4	all	on	on	16777216	512	50	broadcast:64	600000	5	506	282444	282444	329	0	0.000	15.013	3160.0	7068.7	64000
glommio	listener	reuseport-multi:4	all	on	on	16777216	512	50	broadcast:64	600000	5	506	248841	282314	391	2	9.824	15.849	8496.2	21728.0	67200
glommio	caller	reuseport-multi:4	all	on	on	16777216	512	50	broadcast:64	600000	6	508	287730	287730	693	0	0.000	15.016	2879.4	7888.0	46104
glommio	listener	reuseport-multi:4	all	on	on	16777216	512	50	broadcast:64	600000	6	508	262421	287354	740	60	27.678	15.896	8132.3	27276.0	49144
glommio	caller	reuseport-multi:4	all	on	on	16777216	512	50	broadcast:64	600000	7	508	283758	283758	476	0	0.000	15.017	3156.7	7068.7	82640
glommio	listener	reuseport-multi:4	all	on	on	16777216	512	50	broadcast:64	600000	7	508	238468	283519	591	2	19.747	16.215	8599.1	21794.9	85504
compio	caller	reuseport-multi:4	all	on	on	16777216	512	50	broadcast:64	600000	1	512	286210	286210	187	0	0.000	10.519	2702.5	7425.6	17664
compio	listener	reuseport-multi:4	all	on	on	16777216	512	50	broadcast:64	600000	1	512	283687	286210	187	1	84.099	16.215	5468.2	9042.1	16768
compio	caller	reuseport-multi:4	all	on	on	16777216	512	50	broadcast:64	600000	2	512	288149	288149	225	0	0.000	10.524	2832.3	7363.5	21504
compio	listener	reuseport-multi:4	all	on	on	16777216	512	50	broadcast:64	600000	2	512	285322	288149	225	2	67.781	16.200	5309.6	9821.9	17352
compio	caller	reuseport-multi:4	all	on	on	16777216	512	50	broadcast:64	600000	3	510	300157	300157	348	0	0.000	15.015	2763.7	8039.3	80840
compio	listener	reuseport-multi:4	all	on	on	16777216	512	50	broadcast:64	600000	3	510	296669	300157	348	12	296.936	16.049	5545.9	11169.7	19264
compio	caller	reuseport-multi:4	all	on	on	16777216	512	50	broadcast:64	600000	4	512	285908	285908	364	0	0.000	10.182	2662.7	7431.7	26804
compio	listener	reuseport-multi:4	all	on	on	16777216	512	50	broadcast:64	600000	4	512	283336	285908	364	8	91.027	15.863	5433.6	10201.1	18460
compio	caller	reuseport-multi:4	all	on	on	16777216	512	50	broadcast:64	600000	5	512	289090	289090	370	0	0.000	10.258	2625.0	7582.8	30384
compio	listener	reuseport-multi:4	all	on	on	16777216	512	50	broadcast:64	600000	5	512	285579	289090	370	15	124.549	15.849	5740.1	10553.0	17808
compio	caller	reuseport-multi:4	all	on	on	16777216	512	50	broadcast:64	600000	6	512	285640	285640	246	0	0.000	10.556	2817.8	7307.1	20096
compio	listener	reuseport-multi:4	all	on	on	16777216	512	50	broadcast:64	600000	6	512	283315	285640	246	6	49.594	16.214	5218.4	10335.2	17780
compio	caller	reuseport-multi:4	all	on	on	16777216	512	50	broadcast:64	600000	7	512	300618	300618	275	0	0.000	10.756	2967.8	7741.6	109656
compio	listener	reuseport-multi:4	all	on	on	16777216	512	50	broadcast:64	600000	7	512	296443	300617	275	1	884.969	15.855	5752.0	11136.7	19712
mio	caller	reuseport-single:4	all	on	on	16777216	512	50	broadcast:64	600000	1	512	392795	392795	32	0	0.000	13.877	2071.0	11799.8	34716
mio	listener	reuseport-single:4	all	on	on	16777216	512	50	broadcast:64	600000	1	512	839210	392795	32	0	31.356	19.555	5612.1	11875.7	28004
mio	caller	reuseport-single:4	all	on	on	16777216	512	50	broadcast:64	600000	2	512	612177	612177	71	0	0.000	21.626	3344.8	18267.0	18244
mio	listener	reuseport-single:4	all	on	on	16777216	512	50	broadcast:64	600000	2	512	1357687	612177	71	2	44.734	27.202	9257.6	18016.6	23216
mio	caller	reuseport-single:4	all	on	on	16777216	512	50	broadcast:64	600000	3	512	340431	340431	73	0	0.000	12.116	1802.8	10293.5	20432
mio	listener	reuseport-single:4	all	on	on	16777216	512	50	broadcast:64	600000	3	512	662597	340431	73	2	37.098	17.727	5071.2	11070.7	18376
mio	caller	reuseport-single:4	all	on	on	16777216	512	50	broadcast:64	600000	4	512	343048	343048	101	0	0.000	12.182	1758.0	10411.8	24448
mio	listener	reuseport-single:4	all	on	on	16777216	512	50	broadcast:64	600000	4	512	703692	343048	101	7	38.667	17.835	5522.5	11210.3	21216
mio	caller	reuseport-single:4	all	on	on	16777216	512	50	broadcast:64	600000	5	512	400756	400756	68	0	0.000	14.208	2181.8	12023.7	12952
mio	listener	reuseport-single:4	all	on	on	16777216	512	50	broadcast:64	600000	5	512	930561	400756	68	1	40.860	19.774	6137.7	11422.2	15488
mio	caller	reuseport-single:4	all	on	on	16777216	512	50	broadcast:64	600000	6	512	329127	329127	44	0	0.000	11.634	1815.6	9809.4	14080
mio	listener	reuseport-single:4	all	on	on	16777216	512	50	broadcast:64	600000	6	512	696900	329127	44	0	32.591	17.309	4800.5	9824.3	17408
mio	caller	reuseport-single:4	all	on	on	16777216	512	50	broadcast:64	600000	7	512	584129	584129	103	0	0.000	20.475	3246.5	17226.0	15804
mio	listener	reuseport-single:4	all	on	on	16777216	512	50	broadcast:64	600000	7	512	1363664	584129	103	1	26.859	26.178	8915.5	16014.9	15092
tokio	caller	reuseport-single:4	all	on	on	16777216	512	50	broadcast:64	600000	1	512	285485	285485	345	0	0.000	11.276	2433.4	8053.1	18788
tokio	listener	reuseport-single:4	all	on	on	16777216	512	50	broadcast:64	600000	1	512	504528	285485	345	1	18.690	70.010	5960.1	9598.9	16744
tokio	caller	reuseport-single:4	all	on	on	16777216	512	50	broadcast:64	600000	2	512	285590	285590	559	0	0.000	11.236	2386.0	8013.1	13560
tokio	listener	reuseport-single:4	all	on	on	16777216	512	50	broadcast:64	600000	2	512	525635	285590	559	9	26.873	70.015	6031.4	9102.4	15724
tokio	caller	reuseport-single:4	all	on	on	16777216	512	50	broadcast:64	600000	3	512	285732	285732	249	0	0.000	11.201	2239.4	8020.7	27564
tokio	listener	reuseport-single:4	all	on	on	16777216	512	50	broadcast:64	600000	3	512	480316	285732	249	0	25.598	70.011	5872.8	9706.8	21068
tokio	caller	reuseport-single:4	all	on	on	16777216	512	50	broadcast:64	600000	4	512	285848	285848	537	0	0.000	11.306	2381.6	7952.8	26704
tokio	listener	reuseport-single:4	all	on	on	16777216	512	50	broadcast:64	600000	4	512	461650	285848	537	6	28.688	70.010	5866.5	9986.3	23464
tokio	caller	reuseport-single:4	all	on	on	16777216	512	50	broadcast:64	600000	5	512	285416	285416	1199	0	0.000	10.073	2300.7	7715.3	19704
tokio	listener	reuseport-single:4	all	on	on	16777216	512	50	broadcast:64	600000	5	512	484611	285416	1199	0	20.372	70.005	5992.7	9189.8	16464
tokio	caller	reuseport-single:4	all	on	on	16777216	512	50	broadcast:64	600000	6	512	285563	285563	404	0	0.000	11.267	2486.5	7729.3	15964
tokio	listener	reuseport-single:4	all	on	on	16777216	512	50	broadcast:64	600000	6	512	529458	285563	404	7	18.652	70.012	6152.6	9117.7	16756
tokio	caller	reuseport-single:4	all	on	on	16777216	512	50	broadcast:64	600000	7	512	285485	285485	510	0	0.000	11.278	2435.9	7645.9	18848
tokio	listener	reuseport-single:4	all	on	on	16777216	512	50	broadcast:64	600000	7	512	508005	285485	510	3	17.524	70.013	5872.7	8952.5	19648
smol	caller	reuseport-single:4	all	on	on	16777216	512	50	broadcast:64	600000	1	512	285464	285464	193	0	0.000	11.284	3186.0	9580.5	18532
smol	listener	reuseport-single:4	all	on	on	16777216	512	50	broadcast:64	600000	1	512	281372	285464	193	3	4.203	70.010	8182.4	18859.8	20052
smol	caller	reuseport-single:4	all	on	on	16777216	512	50	broadcast:64	600000	2	512	285342	285342	434	0	0.000	11.354	3101.0	9163.9	14940
smol	listener	reuseport-single:4	all	on	on	16777216	512	50	broadcast:64	600000	2	512	280927	285342	434	0	5.966	70.011	8236.6	19690.7	18216
smol	caller	reuseport-single:4	all	on	on	16777216	512	50	broadcast:64	600000	3	512	285423	285423	447	0	0.000	10.941	2917.9	8634.4	15172
smol	listener	reuseport-single:4	all	on	on	16777216	512	50	broadcast:64	600000	3	512	281806	285423	447	0	5.284	70.013	8310.8	19554.2	18796
smol	caller	reuseport-single:4	all	on	on	16777216	512	50	broadcast:64	600000	4	512	285557	285557	451	0	0.000	11.265	3176.6	9101.2	12928
smol	listener	reuseport-single:4	all	on	on	16777216	512	50	broadcast:64	600000	4	512	281812	285557	451	0	7.932	70.006	8141.5	18974.5	16436
smol	caller	reuseport-single:4	all	on	on	16777216	512	50	broadcast:64	600000	5	468	260844	260844	327	0	0.000	15.010	3147.5	9841.5	13124
smol	listener	reuseport-single:4	all	on	on	16777216	512	50	broadcast:64	600000	5	468	257170	260844	327	48	7.464	70.006	7919.9	18492.9	16752
smol	caller	reuseport-single:4	all	on	on	16777216	512	50	broadcast:64	600000	6	512	285447	285447	450	0	0.000	11.230	3189.5	9003.9	11468
smol	listener	reuseport-single:4	all	on	on	16777216	512	50	broadcast:64	600000	6	512	281464	285447	450	0	4.291	70.009	8225.7	18039.8	15628
smol	caller	reuseport-single:4	all	on	on	16777216	512	50	broadcast:64	600000	7	512	286598	286598	316	0	0.000	11.251	3084.0	9238.0	13824
smol	listener	reuseport-single:4	all	on	on	16777216	512	50	broadcast:64	600000	7	512	282960	286598	316	1	11.531	70.013	8183.7	19086.9	16184
monoio	caller	reuseport-single:4	all	on	on	16777216	512	50	broadcast:64	600000	1	408	227485	227485	396	0	0.000	15.013	2888.3	7486.2	40152
monoio	listener	reuseport-single:4	all	on	on	16777216	512	50	broadcast:64	600000	1	512	224988	227485	396	0	54.379	70.015	6620.7	12473.8	19008
monoio	caller	reuseport-single:4	all	on	on	16777216	512	50	broadcast:64	600000	2	512	289009	289009	121	0	0.000	10.284	2870.2	7381.9	78236
monoio	listener	reuseport-single:4	all	on	on	16777216	512	50	broadcast:64	600000	2	512	284375	288858	268	0	354.980	70.021	5814.6	11700.6	19684
monoio	caller	reuseport-single:4	all	on	on	16777216	512	50	broadcast:64	600000	3	510	284526	284526	67	0	0.000	15.001	2821.7	7439.8	54828
monoio	listener	reuseport-single:4	all	on	on	16777216	512	50	broadcast:64	600000	3	512	281218	284526	67	0	304.516	70.017	5695.3	10249.8	16876
monoio	caller	reuseport-single:4	all	on	on	16777216	512	50	broadcast:64	600000	4	490	273663	273663	261	0	0.000	15.003	2795.8	7542.5	56672
monoio	listener	reuseport-single:4	all	on	on	16777216	512	50	broadcast:64	600000	4	512	269377	273649	275	0	313.316	70.010	5914.3	11517.2	17828
monoio	caller	reuseport-single:4	all	on	on	16777216	512	50	broadcast:64	600000	5	496	276563	276563	100	0	0.000	15.003	2575.5	7749.7	31840
monoio	listener	reuseport-single:4	all	on	on	16777216	512	50	broadcast:64	600000	5	512	273259	276563	100	0	212.916	70.011	6045.0	11551.2	16040
monoio	caller	reuseport-single:4	all	on	on	16777216	512	50	broadcast:64	600000	6	487	271524	271524	117	0	0.000	15.021	2678.8	7501.5	50500
monoio	listener	reuseport-single:4	all	on	on	16777216	512	50	broadcast:64	600000	6	512	268165	271524	117	0	270.198	70.016	6095.2	11741.2	16692
monoio	caller	reuseport-single:4	all	on	on	16777216	512	50	broadcast:64	600000	7	480	268393	268393	252	0	0.000	15.011	2918.2	7305.0	102912
monoio	listener	reuseport-single:4	all	on	on	16777216	512	50	broadcast:64	600000	7	512	258800	268297	348	0	288.419	70.011	5953.2	11760.9	35080
glommio	caller	reuseport-single:4	all	on	on	16777216	512	50	broadcast:64	600000	1	509	284065	284065	182	0	0.000	15.012	2909.6	7258.6	35124
glommio	listener	reuseport-single:4	all	on	on	16777216	512	50	broadcast:64	600000	1	509	268707	284041	206	0	13.236	70.035	9248.4	30339.9	39948
glommio	caller	reuseport-single:4	all	on	on	16777216	512	50	broadcast:64	600000	2	491	273733	273733	178	0	0.000	15.017	2913.3	7528.2	27072
glommio	listener	reuseport-single:4	all	on	on	16777216	512	50	broadcast:64	600000	2	504	263296	273714	196	0	8.253	70.029	9569.5	29971.0	32624
glommio	caller	reuseport-single:4	all	on	on	16777216	512	50	broadcast:64	600000	3	507	282777	282777	82	0	0.000	15.018	2780.8	7558.4	26524
glommio	listener	reuseport-single:4	all	on	on	16777216	512	50	broadcast:64	600000	3	507	272931	282745	107	0	7.039	70.017	9416.1	28638.6	32116
glommio	caller	reuseport-single:4	all	on	on	16777216	512	50	broadcast:64	600000	4	505	281472	281472	62	0	0.000	15.015	2727.9	7690.5	18772
glommio	listener	reuseport-single:4	all	on	on	16777216	512	50	broadcast:64	600000	4	505	277323	281467	67	0	5.729	70.019	9126.4	25353.6	24788
glommio	caller	reuseport-single:4	all	on	on	16777216	512	50	broadcast:64	600000	5	509	283921	283921	51	0	0.000	15.007	2924.2	7552.9	24972
glommio	listener	reuseport-single:4	all	on	on	16777216	512	50	broadcast:64	600000	5	509	275316	283902	67	0	8.044	70.021	9749.7	25644.2	30336
glommio	caller	reuseport-single:4	all	on	on	16777216	512	50	broadcast:64	600000	6	508	283249	283249	123	0	0.000	15.004	2665.2	8072.1	27152
glommio	listener	reuseport-single:4	all	on	on	16777216	512	50	broadcast:64	600000	6	509	278334	283226	138	0	12.221	70.035	8906.7	36978.6	28196
glommio	caller	reuseport-single:4	all	on	on	16777216	512	50	broadcast:64	600000	7	506	282166	282166	146	0	0.000	15.003	2905.3	7720.6	43520
glommio	listener	reuseport-single:4	all	on	on	16777216	512	50	broadcast:64	600000	7	506	264269	282132	179	0	7.998	70.026	9819.3	34010.9	48320
compio	caller	reuseport-single:4	all	on	on	16777216	512	50	broadcast:64	600000	1	512	287312	287312	451	0	0.000	10.176	2686.3	7459.0	61836
compio	listener	reuseport-single:4	all	on	on	16777216	512	50	broadcast:64	600000	1	512	284845	287312	451	11	54.588	70.013	6076.4	11486.6	18296
compio	caller	reuseport-single:4	all	on	on	16777216	512	50	broadcast:64	600000	2	512	285934	285934	789	0	0.000	10.111	2665.0	7408.8	28024
compio	listener	reuseport-single:4	all	on	on	16777216	512	50	broadcast:64	600000	2	512	283479	285934	789	12	58.293	70.012	6046.0	10994.3	16912
compio	caller	reuseport-single:4	all	on	on	16777216	512	50	broadcast:64	600000	3	512	287933	287933	200	0	0.000	10.243	2722.4	7472.3	58668
compio	listener	reuseport-single:4	all	on	on	16777216	512	50	broadcast:64	600000	3	512	284735	287933	200	0	166.187	70.008	6129.6	11807.1	19484
compio	caller	reuseport-single:4	all	on	on	16777216	512	50	broadcast:64	600000	4	512	289741	289741	218	0	0.000	10.313	2720.4	7549.4	30688
compio	listener	reuseport-single:4	all	on	on	16777216	512	50	broadcast:64	600000	4	512	285659	289553	218	4	284.119	70.028	6189.9	11834.2	17232
compio	caller	reuseport-single:4	all	on	on	16777216	512	50	broadcast:64	600000	5	512	290110	290110	132	0	0.000	10.332	2797.7	7480.7	50104
compio	listener	reuseport-single:4	all	on	on	16777216	512	50	broadcast:64	600000	5	512	287181	290077	132	1	231.188	70.013	6557.4	13228.0	20304
compio	caller	reuseport-single:4	all	on	on	16777216	512	50	broadcast:64	600000	6	512	290239	290239	305	0	0.000	10.311	2793.6	7444.9	39776
compio	listener	reuseport-single:4	all	on	on	16777216	512	50	broadcast:64	600000	6	512	286523	290239	305	2	203.434	70.012	5970.8	11723.3	17116
compio	caller	reuseport-single:4	all	on	on	16777216	512	50	broadcast:64	600000	7	512	285612	285612	452	0	0.000	10.110	2694.6	7376.4	26516
compio	listener	reuseport-single:4	all	on	on	16777216	512	50	broadcast:64	600000	7	512	283352	285612	452	24	50.731	70.014	5848.9	11337.2	17100
